name,rating,price,shop_url,image_url,max_cooler_height,radiator_size,gpu_length,form_factor,psu_length,pcie_slots
Corsair 4000D Airflow ATX Mid Tower Case,4.7,104.9,https://www.amazon.com/dp/B08C7BGV3D?tag=pcpapi-20&linkCode=ogi&th=1&psc=1,https://cdna.pcpartpicker.com/static/forever/images/product/bc6e987da3fe22c616898d1d7fa3d227.256p.jpg,170,360,360,ATX/EATX/Micro-ATX/Mini-ITX,220,7
NZXT H5 Flow (2022) ATX Mid Tower Case,4.6,79.9,https://www.amazon.com/dp/B0B6Y15C5L?tag=pcpapi-20&linkCode=ogi&th=1&psc=1,unknown,165,280,365,ATX/EATX/Micro-ATX/Mini-ITX,135,7
Deepcool CC560 ATX Mid Tower Case,4.5,0.0,unknown,https://cdna.pcpartpicker.com/static/forever/images/product/eacaf9e3a9f012060fbd0a98f4e22511.256p.jpg,163,360,370,ATX/Micro-ATX/Mini-ITX,170,7
Lian Li O11 Dynamic EVO ATX Mid Tower Case,4.8,254.9,https://www.amazon.com/dp/B09QMLS87T?tag=pcpapi-20&linkCode=ogi&th=1&psc=1,https://cdna.pcpartpicker.com/static/forever/images/product/ea0dee3c3376cc6326ca2f4a73a054ac.256p.jpg,167,360,422,ATX/EATX/Micro-ATX/Mini-ITX,220,8
NZXT H5 Flow (2022) ATX Mid Tower Case,4.7,69.9,https://www.amazon.com/dp/B0B6YHDB2Y?tag=pcpapi-20&linkCode=ogi&th=1&psc=1,unknown,165,280,365,ATX/EATX/Micro-ATX/Mini-ITX,135,7
NZXT H9 Flow ATX Mid Tower Case,4.9,159.9,https://www.amazon.com/dp/B0BG1GQKKY?tag=pcpapi-20&linkCode=ogi&th=1&psc=1,https://cdna.pcpartpicker.com/static/forever/images/product/61eb5534e35ce8af07f25ff28197862b.256p.jpg,165,360,435,ATX/Micro-ATX/Mini-ITX,200,7
Corsair iCUE 4000X RGB ATX Mid Tower Case,4.7,144.9,https://www.amazon.com/dp/B08C788312?tag=pcpapi-20&linkCode=ogi&th=1&psc=1,https://cdna.pcpartpicker.com/static/forever/images/product/0610d363ccccf52837f07d811e4eb2a3.256p.jpg,170,360,360,ATX/Micro-ATX/Mini-ITX,220,7
Fractal Design North ATX Mid Tower Case,4.9,139.9,https://www.bhphotovideo.com/c/product/1752177-REG/fractal_design_fd_c_nor1c_02_north_mid_tower_atx_case.html/BI/19488/KBID/11704,https://cdna.pcpartpicker.com/static/forever/images/product/1977a3a3f6f1238d12ea2a555be4d7ce.256p.jpg,170,360,300,ATX/Micro-ATX/Mini-ITX,255,7
Lian Li LANCOOL 216 RGB ATX Mid Tower Case,4.8,89.9,https://click.linksynergy.com/deeplink?id=8BacdVP0GFs&mid=44583&murl=https%3A%2F%2Fwww.newegg.com%2Fblack-lian-li-lancool-atx-mid-tower%2Fp%2F2AM-000Z-000A8,unknown,180,360,392,ATX/EATX/Micro-ATX/Mini-ITX,220,7
Fractal Design Meshify 2 Compact TG Light Tint ATX Mid Tower Case,4.8,124.9,https://www.bhphotovideo.com/c/product/1733308-REG/fractal_design_fd_c_mes2c_03_meshify_2_compact_atx.html/BI/19488/KBID/11704,https://cdna.pcpartpicker.com/static/forever/images/product/70ac697e3e6678daf16d38842957b0c0.256p.jpg,169,360,341,ATX/Micro-ATX/Mini-ITX,200,7
Antec P101 Silent ATX Mid Tower Case,4.5,99.9,https://click.linksynergy.com/deeplink?id=8BacdVP0GFs&mid=44583&murl=https%3A%2F%2Fwww.newegg.com%2Fblack-antec-performance-series-atx-mid-tower%2Fp%2FN82E16811129242,https://cdna.pcpartpicker.com/static/forever/images/product/313708dfbfe87fc3f8b938bbbbbbc902.256p.jpg,180,360,450,ATX/EATX/Micro-ATX/Mini-ITX,290,8
Phanteks Evolv X ATX Mid Tower Case,4.8,155.9,https://click.linksynergy.com/deeplink?id=8BacdVP0GFs&mid=44583&murl=https%3A%2F%2Fwww.newegg.com%2Fsatin-black-phanteks-enthoo-evolv-x-atx-mid-tower%2Fp%2FN82E16811854078,https://cdna.pcpartpicker.com/static/forever/images/product/e31d4076cb36669cf6754670d0fccefc.256p.jpg,190,420,435,ATX/EATX/Micro-ATX/Mini-ITX,160,7
Phanteks ECLIPSE G500A Performance ATX Mid Tower Case,5.0,119.9,https://click.linksynergy.com/deeplink?id=8BacdVP0GFs&mid=44583&murl=https%3A%2F%2Fwww.newegg.com%2Fblack-phanteks-ph-ec500ga-bbk01-atx-mid-tower%2Fp%2FN82E16811854118,https://cdna.pcpartpicker.com/static/forever/images/product/1cbbe4f8cd86e0607060450edf1c83eb.256p.jpg,185,420,435,ATX/EATX/Micro-ATX/Mini-ITX,195,7
Thermaltake V250 TG ARGB Air ATX Mid Tower Case,5.0,79.9,https://www.amazon.com/dp/B09H3GCV43?tag=pcpapi-20&linkCode=ogi&th=1&psc=1,https://cdna.pcpartpicker.com/static/forever/images/product/724d789d9c998886d4546d6b1bfd3dee.256p.jpg,160,360,320,ATX/EATX/Micro-ATX/Mini-ITX,200,7
Thermaltake Core P8 TG ATX Full Tower Case,4.8,0.0,unknown,https://cdna.pcpartpicker.com/static/forever/images/product/e8eda9287fd7bdba3b0952fd9567cccf.256p.jpg,180,480,520,ATX/EATX/Micro-ATX/Mini-ITX,200,8
Rosewill Zircon I ATX Mid Tower Case,3.5,0.0,unknown,https://cdna.pcpartpicker.com/static/forever/images/product/2fbc4dbfc0661f5051a5ef0bfce9705e.256p.jpg,170,360,350,ATX/Micro-ATX/Mini-ITX,220,7
Fractal Design Meshify 2 Compact White TG Clear Tint ATX Mid Tower Case,4.8,0.0,unknown,https://cdna.pcpartpicker.com/static/forever/images/product/747683ff402e9076609f9a4ee5e64d6e.256p.jpg,169,360,341,ATX/Micro-ATX/Mini-ITX,200,7
Deepcool MACUBE 110 MicroATX Mini Tower Case,4.4,0.0,unknown,https://cdna.pcpartpicker.com/static/forever/images/product/f7187d56d56fc6f4c45f3d5a9c764dd9.256p.jpg,165,280,320,Micro-ATX/Mini-ITX,160,4
Fractal Design Node 804 MicroATX Mid Tower Case,4.6,124.9,https://www.bhphotovideo.com/c/product/1561261-REG/fractal_design_fd_ca_node_804_bl_w_node_804_microatx_chassis.html/BI/19488/KBID/11704,https://cdna.pcpartpicker.com/static/forever/images/product/9886185e66d27730b7d04cc2f26c232e.256p.jpg,160,240,290,Micro-ATX/Mini-ITX,260,5
Jonsbo D30 MicroATX Mini Tower Case,4.7,116.13,https://www.amazon.com/dp/B0BCKB564L?tag=pcpapi-20&linkCode=ogi&th=1&psc=1,https://cdna.pcpartpicker.com/static/forever/images/product/acf3ec1251463a901a0899ee084f3399.256p.jpg,168,140,305,Micro-ATX/Mini-ITX/Mini-DTX,140,4
Cougar MG140 Air RGB MicroATX Mini Tower Case,4.0,0.0,unknown,https://m.media-amazon.com/images/I/41gQdfpw7mL.jpg,160,280,350,Micro-ATX/Mini-ITX,160,4
NZXT H400i MicroATX Mini Tower Case,4.6,0.0,unknown,https://cdna.pcpartpicker.com/static/forever/images/product/6eefe518c7238492e201cad2e26ac36a.256p.jpg,164,280,411,Micro-ATX/Mini-ITX,160,4
BitFenix Prodigy M 2022 ARGB MicroATX Mini Tower Case,0.0,89.9,https://www.amazon.com/dp/B09FLRGFV9?tag=pcpapi-20&linkCode=ogi&th=1&psc=1,https://cdna.pcpartpicker.com/static/forever/images/product/15ac7498bb575df9f9052011190e4634.256p.jpg,190,280,339,Micro-ATX/Mini-ITX,220,5
GameMax Expedition MicroATX Mini Tower Case,5.0,0.0,unknown,https://cdna.pcpartpicker.com/static/forever/images/product/78f7c50affcce4a0169417346398711f.256p.jpg,155,120,340,Micro-ATX/Mini-ITX,160,4
GameMax Kamikaze PRO MicroATX Mini Tower Case,0.0,0.0,unknown,https://cdna.pcpartpicker.com/static/forever/images/product/be8749f383cd63a7ec0871f20a097a94.256p.jpg,162,240,393,Micro-ATX/Mini-ITX,160,4
Silverstone PS08B MicroATX Mid Tower Case,3.8,0.0,unknown,https://m.media-amazon.com/images/I/51i+pwFD-JL.jpg,140,120,358,Micro-ATX/Mini-ITX/Thin Mini-ITX,220,4
Cooler Master MasterBox MB400L with ODD MicroATX Mini Tower Case,0.0,0.0,unknown,https://m.media-amazon.com/images/I/41acTRgLgmL.jpg,167,240,344,Micro-ATX/Mini-ITX,325,4
Lian Li PC-V359W MicroATX Mid Tower Case,0.0,0.0,unknown,https://cdna.pcpartpicker.com/static/forever/images/product/dbb7c5b25545f8367c2aac43080e3e57.256p.jpg,160,120,310,Micro-ATX/Mini-ITX,240,4
DAN Cases C4-SFXv1 Mini ITX Desktop Case,4.0,0.0,unknown,https://cdna.pcpartpicker.com/static/forever/images/product/2fbb361ed7c566de9b972a106bd4fc6d.256p.jpg,145,280,334,Mini-ITX/Mini-DTX,120,3
Streacom DA2 V2 Mini ITX Desktop Case,5.0,0.0,unknown,https://cdna.pcpartpicker.com/static/forever/images/product/2d9f7ddc916d6b15e9195383e84f1709.256p.jpg,145,280,330,Mini-ITX/Mini-DTX,180,2
Zalman M2 Mini Silver Mini ITX Desktop Case,0.0,0.0,unknown,https://cdna.pcpartpicker.com/static/forever/images/product/be1f2bcda58993ddf3595a1763c71b69.256p.jpg,60,120,295,Mini-ITX,130,2
Phanteks Enthoo EVOLV ITX Mini ITX Tower Case,4.5,0.0,unknown,https://cdna.pcpartpicker.com/static/forever/images/product/876bebfce9eb67ee26a36c96da9540d0.256p.jpg,200,200,330,Mini-ITX,130,2
Jonsbo T8 PLUS Mini ITX Desktop Case,0.0,0.0,unknown,https://cdna.pcpartpicker.com/static/forever/images/product/b745a450315786f3dba31753d9ad1822.256p.jpg,135,140,270,Mini-ITX,140,3
be quiet! Dark Base Pro 900 Rev. 2 ATX Full Tower Case,4.0,0.0,unknown,https://cdna.pcpartpicker.com/static/forever/images/product/dd7736f473b1e81880bb28e7a2a6c094.256p.jpg,185,420,472,ATX/EATX/Micro-ATX/Mini-ITX/XL-ATX,284,8
Corsair Obsidian Series 750D ATX Full Tower Case,4.6,0.0,unknown,https://cdna.pcpartpicker.com/static/forever/images/product/c53099401cf671d634e227a3ae029198.256p.jpg,170,360,450,ATX/EATX/Micro-ATX/Mini-ITX/XL-ATX,220,9
MSI MPG GUNGNIR 110M ATX Mid Tower Case,0.0,0.0,unknown,https://cdna.pcpartpicker.com/static/forever/images/product/b76e56acc2a38876ff7c5c35dfccf396.256p.jpg,170,360,340,ATX/Micro-ATX/Mini-ITX,250,7
