name,rating,price,shop_url,image_url,tdp,socket,rpm,noise_level,radiator_size,cooler_height
Corsair iCUE H100i ELITE CAPELLIX 75 CFM Liquid CPU Cooler,4.6,214.98,https://www.amazon.com/dp/B08G1NSG7F?tag=pcpapi-20&linkCode=ogi&th=1&psc=1,https://cdna.pcpartpicker.com/static/forever/images/product/3e80087537051bd56fa7650e7d61516d.256p.jpg,25,AM2/AM2+/AM3/AM3+/AM4/AM5/sTR4/FM1/FM2/FM2+/LGA 1150/LGA 1151/LGA 1155/LGA 1156/LGA 1200/LGA 1366/LGA 1700/LGA 1851/LGA 2011/LGA 2011-3/LGA 2066,2400,37.0,240,0
Asus ROG STRIX LC II ARGB 80.95 CFM Liquid CPU Cooler,4.5,189.0,https://www.amazon.com/dp/B09KSX6ZFQ?tag=pcpapi-20&linkCode=ogi&th=1&psc=1,https://cdna.pcpartpicker.com/static/forever/images/product/ad2d67177c35acc45be96995e6a4b370.256p.jpg,25,AM4/AM5/LGA 1150/LGA 1151/LGA 1155/LGA 1156/LGA 1200/LGA 1700/LGA 1851/LGA 2011-3,2500,0.0,360,0
Deepcool LE500 85.85 CFM Liquid CPU Cooler,0.0,0.0,unknown,https://cdna.pcpartpicker.com/static/forever/images/product/b215a5dd6cbfed83d595c45034494ea5.256p.jpg,25,AM4/AM5/LGA 1150/LGA 1151/LGA 1155/LGA 1156/LGA 1200/LGA 1700/LGA 1851,2250,0.0,240,0
Corsair H55 57 CFM Liquid CPU Cooler,4.4,0.0,unknown,https://cdna.pcpartpicker.com/static/forever/images/product/961e83ddbfdf1652833c5ec91e45ee8f.256p.jpg,25,AM2/AM2+/AM3/AM3+/AM4/FM1/FM2/FM2+/LGA 1150/LGA 1151/LGA 1155/LGA 1156/LGA 1200/LGA 1366/LGA 2011/LGA 2011-3/LGA 2066,1700,0.0,120,0
ID-COOLING ZOOMFLOW 240 XT SNOW 68.2 CFM Liquid CPU Cooler,4.0,0.0,unknown,https://cdna.pcpartpicker.com/static/forever/images/product/46546b24730a0172b58a9b29afd0706e.256p.jpg,25,AM4/AM5/LGA 1150/LGA 1151/LGA 1155/LGA 1156/LGA 1200/LGA 2011/LGA 2011-3/LGA 2066,1500,0.0,240,0
Aerocool P7-L240 71.65 CFM Liquid CPU Cooler,5.0,0.0,unknown,https://images-eu.ssl-images-amazon.com/images/I/41IOsPQI8ML.jpg,25,AM2/AM2+/AM3/AM3+/AM4/FM1/FM2/FM2+/LGA 775/LGA 1150/LGA 1151/LGA 1155/LGA 1156/LGA 1200/LGA 1366/LGA 2011/LGA 2011-3/LGA 2066,1800,0.0,240,0
NZXT Kraken X42 Rev 2 98.17 CFM Liquid CPU Cooler,4.2,0.0,unknown,https://cdna.pcpartpicker.com/static/forever/images/product/e7443e952ac5550b9c32d32c72a9feec.256p.jpg,25,AM2/AM2+/AM3/AM3+/AM4/AM5/FM1/FM2/FM2+/LGA 1150/LGA 1151/LGA 1155/LGA 1156/LGA 1200/LGA 1366/LGA 1700/LGA 1851/LGA 2011/LGA 2011-3/LGA 2066,1800,38.0,140,0
ARCTIC Liquid Freezer II 360 RGB 48.8 CFM Liquid CPU Cooler,0.0,0.0,unknown,https://cdna.pcpartpicker.com/static/forever/images/product/7fb1d50312d580bf83856c7aab42bef1.256p.jpg,25,AM4/AM5/LGA 1150/LGA 1151/LGA 1155/LGA 1156/LGA 1200/LGA 1700/LGA 1851/LGA 2011/LGA 2011-3/LGA 2066,1800,0.0,360,0
Cougar AQUA 70.64 CFM Liquid CPU Cooler,0.0,0.0,unknown,https://cdna.pcpartpicker.com/static/forever/images/product/18dc79654330364bad9b5749b7f019ed.256p.jpg,25,AM2/AM2+/AM3/AM3+/AM4/sTR4/FM1/FM2/FM2+/LGA 1150/LGA 1151/LGA 1155/LGA 1156/LGA 1200/LGA 1366/LGA 2011/LGA 2011-3/LGA 2066,1800,35.0,360,0
ID-COOLING ZOOMFLOW X 62 CFM Liquid CPU Cooler,0.0,0.0,unknown,https://m.media-amazon.com/images/I/41R42CAvunL.jpg,25,AM2/AM2+/AM3/AM3+/AM4/AM5/FM1/FM2/FM2+/LGA 1150/LGA 1151/LGA 1155/LGA 1156/LGA 1200/LGA 1366/LGA 1700/LGA 1851/LGA 2011/LGA 2011-3/LGA 2066,1500,18.0,360,0
Noctua NH-L9i chromax.black 33.84 CFM CPU Cooler,4.8,54.9,https://www.amazon.com/dp/B07Y892M38?tag=pcpapi-20&linkCode=ogi&th=1&psc=1,https://m.media-amazon.com/images/I/41JnT-wUvaL.jpg,15,AM4/AM5/LGA 1150/LGA 1151/LGA 1155/LGA 1156/LGA 1200,2500,0.0,0,37
ID-COOLING SE-224-XTS BLACK 70 CFM CPU Cooler,4.9,29.9,https://www.amazon.com/dp/B0BC13DSJZ?tag=pcpapi-20&linkCode=ogi&th=1&psc=1,https://m.media-amazon.com/images/I/415WpBLZqRL.jpg,15,AM4/AM5/LGA 1150/LGA 1151/LGA 1155/LGA 1156/LGA 1200/LGA 1700/LGA 1851,1500,0.0,0,151
StarTech FAN775E 49.37 CFM CPU Cooler,0.0,14.8,https://www.amazon.com/dp/B000RLH2GW?tag=pcpapi-20&linkCode=ogi&th=1&psc=1,https://m.media-amazon.com/images/I/41wUDZznUZL.jpg,15,LGA 775,2600,0.0,0,68
Thermalright AXP120-X67 59 CFM CPU Cooler,4.7,32.9,https://www.amazon.com/dp/B0B1DHVJG8?tag=pcpapi-20&linkCode=ogi&th=1&psc=1,https://m.media-amazon.com/images/I/41OtP6FKlkL.jpg,15,AM4/AM5/LGA 1150/LGA 1151/LGA 1155/LGA 1156/LGA 1200/LGA 1700/LGA 1851,1800,0.0,0,67
Thermalright Frost Commander 140 BLACK 95.5 CFM CPU Cooler,4.4,57.9,https://www.amazon.com/dp/B09JZ7B32Q?tag=pcpapi-20&linkCode=ogi&th=1&psc=1,https://m.media-amazon.com/images/I/51cUjF0JO+L.jpg,15,AM4/AM5/LGA 1150/LGA 1151/LGA 1155/LGA 1156/LGA 1200/LGA 1700/LGA 1851/LGA 2011/LGA 2011-3/LGA 2066,1800,0.0,0,158
ARCTIC Freezer i13 X CPU Cooler,5.0,28.3,https://www.amazon.com/dp/B089NY29SY?tag=pcpapi-20&linkCode=ogi&th=1&psc=1,https://cdna.pcpartpicker.com/static/forever/images/product/49f72b50ac4182e8db6674a76ea98cf0.256p.jpg,15,LGA 1150/LGA 1151/LGA 1155/LGA 1156/LGA 1200/LGA 1700/LGA 1851/LGA 2011/LGA 2011-3/LGA 2066,2000,0.0,0,137
Cooler Master MasterAir MA620M 57.3 CFM CPU Cooler,4.8,150.9,https://www.amazon.com/dp/B07YLKPWL5?tag=pcpapi-20&linkCode=ogi&th=1&psc=1,https://cdna.pcpartpicker.com/static/forever/images/product/b0ee00386de0942b9f0e3a82758850cd.256p.jpg,15,AM2/AM2+/AM3/AM3+/AM4/FM1/FM2/FM2+/LGA 1150/LGA 1151/LGA 1155/LGA 1156/LGA 1200/LGA 2011/LGA 2011-3/LGA 2066,2000,30.0,0,165
Thermaltake CLP0556 39.7 CFM Sleeve Bearing CPU Cooler,4.0,17.98,https://www.amazon.com/dp/B002RWJGI6?tag=pcpapi-20&linkCode=ogi&th=1&psc=1,https://m.media-amazon.com/images/I/411GNP-heXL.jpg,15,LGA 1150/LGA 1151/LGA 1155/LGA 1156/LGA 1200,2300,22.0,0,61
