name,rating,price,amazon_link,image_link,tdp,socket,supported_memory,core_count,thread_count,performance_core_clock,boost_clock,cache,lithography,generation
Intel Core i3-7350K 4.2 GHz Dual-Core Processor,4.5,42.0,https://www.amazon.com/dp/B01NCEJN24?tag=pcpapi-20&linkCode=ogi&th=1&psc=1,https://cdna.pcpartpicker.com/static/forever/images/product/f08ed44a8570ef813099b9b298a84d38.256p.jpg,60,LGA 1151,DDR4,2,4,4.2,N/A,4,14,Intel Kaby Lake
Intel Core i3-7100 3.9 GHz Dual-Core Processor,4.4,60.46,https://www.amazon.com/dp/B01NCESRJX?tag=pcpapi-20&linkCode=ogi&th=1&psc=1,https://images-eu.ssl-images-amazon.com/images/I/511mRxIv4GL.jpg,51,LGA 1151,DDR4,2,4,3.9,N/A,3,14,Intel Kaby Lake
Intel Core i3-7320 4.1 GHz Dual-Core Processor,N/A,42.0,https://www.amazon.com/dp/B01MSTCUY8?tag=pcpapi-20&linkCode=ogi&th=1&psc=1,https://m.media-amazon.com/images/I/51NQB9peGbL.jpg,51,LGA 1151,DDR4,2,4,4.1,N/A,4,14,Intel Kaby Lake
Intel Core i3-7100 3.9 GHz Dual-Core OEM/Tray Processor,N/A,104.0,https://www.amazon.com/dp/B0727LDV63?tag=pcpapi-20&linkCode=ogi&th=1&psc=1,https://m.media-amazon.com/images/I/51YoPRZs3aL.jpg,51,LGA 1151,DDR4,2,4,3.9,N/A,3,14,Intel Kaby Lake
Intel Core i3-7100T 3.4 GHz Dual-Core OEM/Tray Processor,N/A,99.0,https://www.amazon.com/dp/B01NAQ6A93?tag=pcpapi-20&linkCode=ogi&th=1&psc=1,https://m.media-amazon.com/images/I/51ar56B-zyL.jpg,35,LGA 1151,DDR4,2,4,3.4,N/A,3,14,Intel Kaby Lake
Intel Core i3-7300 4 GHz Dual-Core Processor,4.0,N/A,N/A,https://m.media-amazon.com/images/I/41QVRVRgLDL.jpg,51,LGA 1151,DDR4,2,4,4,N/A,4,14,Intel Kaby Lake
Intel Core i3-7350K 4.2 GHz Dual-Core OEM/Tray Processor,N/A,N/A,N/A,https://cdna.pcpartpicker.com/static/forever/images/product/2c0f0ca43297191b87dcf05818b2fc29.256p.jpg,60,LGA 1151,DDR4,2,4,4.2,N/A,4,14,Intel Kaby Lake
Intel Core i3-7300T 3.5 GHz Dual-Core Processor,N/A,N/A,N/A,https://cdna.pcpartpicker.com/static/forever/images/product/6575bf30b14742cef9e7ddae7fb2ce7f.256p.jpg,35,LGA 1151,DDR4,2,4,3.5,N/A,4,14,Intel Kaby Lake
Intel Core i3-7101TE 3.4 GHz Dual-Core OEM/Tray Processor,N/A,N/A,N/A,https://m.media-amazon.com/images/I/41oucK2vBSL.jpg,35,LGA 1151,DDR4,2,4,3.4,N/A,3,14,Intel Kaby Lake
Intel Core i3-7300T 3.5 GHz Dual-Core Processor,N/A,N/A,N/A,https://cdna.pcpartpicker.com/static/forever/images/product/6575bf30b14742cef9e7ddae7fb2ce7f.256p.jpg,35,LGA 1151,DDR4,2,4,3.5,N/A,4,14,Intel Kaby Lake
Intel Core i7-11700K 3.6 GHz 8-Core Processor,4.8,240.93,https://www.amazon.com/dp/B08X6ND3WP?tag=pcpapi-20&linkCode=ogi&th=1&psc=1,https://cdna.pcpartpicker.com/static/forever/images/product/41358d31a00cc8fb673bfa7716ea9498.256p.jpg,125,LGA 1200,DDR4,8,16,3.6,5,16,14,Intel Rocket Lake
Intel Core i7-13700K 3.4 GHz 16-Core Processor,4.8,348.6,https://www.amazon.com/dp/B0BCF57FL5?tag=pcpapi-20&linkCode=ogi&th=1&psc=1,https://cdna.pcpartpicker.com/static/forever/images/product/2f3405387f23ab827695d966ea9f9682.256p.jpg,125,LGA 1700,DDR4,16,24,3.4,5.4,30,10,Intel Raptor Lake
AMD Athlon II X3 435 2.9 GHz Triple-Core Processor,N/A,N/A,N/A,https://images-na.ssl-images-amazon.com/images/I/416PLWd07rL.jpg,95,AM3,DDR4,3,3,2.9,N/A,0,45,AMD K10
AMD Phenom II X2 B59 3.4 GHz Dual-Core OEM/Tray Processor,3.0,N/A,N/A,https://images-na.ssl-images-amazon.com/images/I/51XVXeMS6VL.jpg,80,AM3,DDR4,2,2,3.4,N/A,6,45,AMD K10
AMD Phenom II X4 975 3.6 GHz Quad-Core OEM/Tray Processor,N/A,168.02,https://www.amazon.com/dp/B007ONBQ0O?tag=pcpapi-20&linkCode=ogi&th=1&psc=1,https://upload.wikimedia.org/wikipedia/commons/thumb/a/ac/No_image_available.svg/256px-No_image_available.jpg,125,AM3,DDR4,4,4,3.6,N/A,6,45,AMD K10
AMD Threadripper 3970X 3.7 GHz 32-Core Processor,5.0,1515.0,https://www.amazon.com/dp/B0815JJQQ8?tag=pcpapi-20&linkCode=ogi&th=1&psc=1,https://cdna.pcpartpicker.com/static/forever/images/product/f2cacb6e0f6003d798989357654aff3c.256p.jpg,280,sTRX4,DDR4,32,64,3.7,4.5,128,7,AMD Zen 2
AMD Ryzen 3 3200G 3.6 GHz Quad-Core OEM/Tray Processor,5.0,N/A,N/A,https://cdna.pcpartpicker.com/static/forever/images/product/1367e7b7cd727836ed3685b95c2be94e.256p.jpg,65,AM4,DDR4,4,4,3.6,4,4,12,AMD Zen+
Intel Core i3-7100T 3.4 GHz Dual-Core Processor,N/A,N/A,N/A,https://m.media-amazon.com/images/I/51ar56B-zyL.jpg,35,LGA 1151,DDR4,2,4,3.4,N/A,3,14,Intel Kaby Lake
Intel Core i9-7960X 2.8 GHz 16-Core OEM/Tray Processor,N/A,N/A,N/A,https://cdna.pcpartpicker.com/static/forever/images/product/86dc01a773c3d1f95ea91de2819a7848.256p.jpg,165,LGA 2066,DDR4,16,32,2.8,4.4,22,14,Intel Skylake
Intel Core i3-9350K 4 GHz Quad-Core Processor,N/A,N/A,N/A,https://cdna.pcpartpicker.com/static/forever/images/product/b832802a56c229f75ef6adf54fad250c.256p.jpg,91,LGA 1151,DDR4,4,4,4,4.6,8,14,Intel Coffee Lake Refresh
Intel Core i9-9900T 2.1 GHz 8-Core OEM/Tray Processor,N/A,N/A,N/A,https://cdna.pcpartpicker.com/static/forever/images/product/b043dd430eacdc1b24c0fe0f0bf6afc6.256p.jpg,35,LGA 1151,DDR4,8,16,2.1,4.4,16,14,Intel Coffee Lake Refresh
Intel Core i9-10900F 2.8 GHz 10-Core Processor,4.5,222.99,https://www.amazon.com/dp/B086MHTK5C?tag=pcpapi-20&linkCode=ogi&th=1&psc=1,https://m.media-amazon.com/images/I/41ckT1AzbYL.jpg,65,LGA 1200,DDR4,10,20,2.8,5.2,20,14,Intel Comet Lake
Intel Core i3-13100 3.4 GHz Quad-Core Processor,5.0,127.0,https://www.amazon.com/dp/B0BQ6CTTMK?tag=pcpapi-20&linkCode=ogi&th=1&psc=1,https://cdna.pcpartpicker.com/static/forever/images/product/735d84f17256242adcfad88d56d590bf.256p.jpg,60,LGA 1700,DDR4,4,8,3.4,4.5,12,10,Intel Raptor Lake
AMD Athlon II X2 250 3 GHz Dual-Core OEM/Tray Processor,N/A,N/A,N/A,https://m.media-amazon.com/images/I/41z-eUidUML.jpg,65,AM3,DDR4,2,2,3,N/A,0,45,AMD K10
AMD Athlon II X4 635 2.9 GHz Quad-Core Processor,N/A,N/A,N/A,https://m.media-amazon.com/images/I/515PHOORs-L.jpg,95,AM3,DDR4,4,4,2.9,N/A,0,45,AMD K10
AMD Phenom II X4 945 3 GHz Quad-Core Processor,4.0,N/A,N/A,https://images-na.ssl-images-amazon.com/images/I/41FIsFw%2B2FL.jpg,125,AM3,DDR4,4,4,3,N/A,6,45,AMD K10
AMD Threadripper 2990WX 3 GHz 32-Core OEM/Tray Processor,N/A,N/A,N/A,https://cdna.pcpartpicker.com/static/forever/images/product/29e90ad73f7c36800dac9c44a7e51a9e.256p.jpg,250,sTR4,DDR4,32,64,3,4.2,64,12,AMD Zen+
AMD Ryzen 5 4500 3.6 GHz 6-Core Processor,4.7,68.5,https://www.amazon.com/dp/B09VCJN7HZ?tag=pcpapi-20&linkCode=ogi&th=1&psc=1,https://cdna.pcpartpicker.com/static/forever/images/product/e1f3bf613a5651db6f394c8dd41f0f15.256p.jpg,65,AM4,DDR4,6,12,3.6,4.1,8,7,AMD Zen 2
Intel Core i9-9900KS 4 GHz 8-Core Processor,4.9,1299.0,https://www.amazon.com/dp/B07YP3J7ZM?tag=pcpapi-20&linkCode=ogi&th=1&psc=1,https://cdna.pcpartpicker.com/static/forever/images/product/127d608f7abf20424afc8464bc416cfa.256p.jpg,127,LGA 1151,DDR4,8,16,4,5,16,14,Intel Coffee Lake Refresh
Intel Core i7-10700 2.9 GHz 8-Core Processor,4.8,395.2,https://www.amazon.com/dp/B086MG1C7C?tag=pcpapi-20&linkCode=ogi&th=1&psc=1,https://m.media-amazon.com/images/I/41P4d+8jqLL.jpg,65,LGA 1200,DDR4,8,16,2.9,4.8,16,14,Intel Comet Lake
Intel Core i7-12700K 3.6 GHz 12-Core Processor,4.9,209.9,https://click.linksynergy.com/deeplink?id=8BacdVP0GFs&mid=24348&murl=https%3A%2F%2Fwww.gamestop.com%2Fpc-gaming%2Fpc-components%2Fcpu%2Fproducts%2Fintel-core-i7-12700k-cpu-12-8p4e-cores-up-to-5.0-ghz-unlocked-lga1700-intel-600-series-125w%2F325953.html,https://cdna.pcpartpicker.com/static/forever/images/product/3f7037db801def4db8418df8e7498e6a.256p.jpg,125,LGA 1700,DDR4,12,20,3.6,5,25,10,Intel Alder Lake
AMD Athlon II X2 240 2.8 GHz Dual-Core Processor,5.0,N/A,N/A,https://m.media-amazon.com/images/I/51m7y-3sPWL.jpg,65,AM3,DDR4,2,2,2.8,N/A,0,45,AMD K10
AMD Athlon II X4 651K 3 GHz Quad-Core Processor,N/A,N/A,N/A,https://images-na.ssl-images-amazon.com/images/I/4109K75cNWL.jpg,100,FM1,DDR4,4,4,3,N/A,0,32,AMD Lynx
AMD Phenom II X6 1100T Black 3.3 GHz 6-Core OEM/Tray Processor,N/A,N/A,N/A,https://upload.wikimedia.org/wikipedia/commons/thumb/a/ac/No_image_available.svg/256px-No_image_available.jpg,125,AM3,DDR4,6,6,3.3,N/A,6,45,AMD K10
AMD Ryzen 5 2600X 3.6 GHz 6-Core OEM/Tray Processor,4.5,N/A,N/A,https://cdna.pcpartpicker.com/static/forever/images/product/bd22e4deac30110021a64d9c7f9b8944.256p.jpg,95,AM4,DDR4,6,12,3.6,4.2,15.99,12,AMD Zen+
AMD Ryzen 9 7950X 4.5 GHz 16-Core Processor,4.9,496.8,https://www.amazon.com/dp/B0BBHD5D8Y?tag=pcpapi-20&linkCode=ogi&th=1&psc=1,https://cdna.pcpartpicker.com/static/forever/images/product/8de723005cfc1b85071c4abf4d76bd4e.256p.jpg,170,AM5,DDR5,16,32,4.5,5.7,64,5,AMD Zen 4
Intel Core i5-7640X 4 GHz Quad-Core OEM/Tray Processor,N/A,225.4,https://www.amazon.com/dp/B073VMQH6K?tag=pcpapi-20&linkCode=ogi&th=1&psc=1,https://cdna.pcpartpicker.com/static/forever/images/product/691467fd1a461dd708186f4dc35d71c5.256p.jpg,112,LGA 2066,DDR4,4,4,4,4.2,6,14,Intel Kaby Lake
Intel Core i3-8300 3.7 GHz Quad-Core OEM/Tray Processor,N/A,N/A,N/A,https://m.media-amazon.com/images/I/419bs0UMD0L.jpg,62,LGA 1151,DDR4,4,4,3.7,N/A,8,14,Intel Coffee Lake
Intel Core i3-9320 3.7 GHz Quad-Core OEM/Tray Processor,N/A,N/A,N/A,https://cdna.pcpartpicker.com/static/forever/images/product/f62f18577936ae8113c27a7a9c44a83e.256p.jpg,62,LGA 1151,DDR4,4,4,3.7,4.4,8,14,Intel Coffee Lake Refresh
Intel Core i7-970 3.2 GHz 6-Core Processor,N/A,N/A,N/A,https://images-na.ssl-images-amazon.com/images/I/51QNLUWfAhL.jpg,130,LGA 1366,DDR4,6,12,3.2,N/A,12,32,Intel Westmere
Intel Core i5-10600KF 4.1 GHz 6-Core Processor,5.0,100.0,https://www.amazon.com/dp/B086M8441R?tag=pcpapi-20&linkCode=ogi&th=1&psc=1,https://cdna.pcpartpicker.com/static/forever/images/product/d28d05f1c9972e51ef212760baca9612.256p.jpg,125,LGA 1200,DDR4,6,12,4.1,4.8,12,14,Intel Comet Lake
Intel Core i5-12600 3.3 GHz 6-Core Processor,4.7,249.9,https://goto.walmart.com/c/79301/568844/9383?veh=aff&sourceid=imp_000011112222333344&u=https%3A%2F%2Fwww.walmart.com%2Fip%2F182825416,https://cdna.pcpartpicker.com/static/forever/images/product/7a8133e4d1ab12830ce867e2958bbc2b.256p.jpg,65,LGA 1700,DDR4,6,12,3.3,4.8,18,10,Intel Alder Lake
AMD Athlon II X2 240e 2.8 GHz Dual-Core Processor,N/A,N/A,N/A,https://images-na.ssl-images-amazon.com/images/I/41L0Dc%2BV6wL.jpg,45,AM3,DDR4,2,2,2.8,N/A,0,45,AMD K10
AMD Athlon II X4 645 3.1 GHz Quad-Core OEM/Tray Processor,4.5,N/A,N/A,https://m.media-amazon.com/images/I/417E4tfQW-L.jpg,95,AM3,DDR4,4,4,3.1,N/A,0,45,AMD K10
AMD Phenom II X4 820 2.8 GHz Quad-Core OEM/Tray Processor,N/A,52.6,https://www.amazon.com/dp/B004WNZVLE?tag=pcpapi-20&linkCode=ogi&th=1&psc=1,https://cdna.pcpartpicker.com/static/forever/images/product/d02d6ea62fae83eabde90fb02321d5ec.256p.jpg,95,AM3,DDR4,4,4,2.8,N/A,4,45,AMD K10
AMD Phenom II X6 1055T 2.8 GHz 6-Core Processor,4.0,N/A,N/A,https://images-na.ssl-images-amazon.com/images/I/51zg42Jls6L.jpg,125,AM3,DDR4,6,6,2.8,N/A,6,45,AMD K10
AMD Ryzen 7 1800X 3.6 GHz 8-Core OEM/Tray Processor,5.0,N/A,N/A,https://upload.wikimedia.org/wikipedia/commons/thumb/a/ac/No_image_available.svg/256px-No_image_available.jpg,95,AM4,DDR4,8,16,3.6,4,16,14,AMD Zen
AMD Ryzen 5 PRO 7645 3.8 GHz 6-Core OEM/Tray Processor,N/A,N/A,N/A,https://cdna.pcpartpicker.com/static/forever/images/product/0060e87b1c0093626f67e76793e68c41.256p.jpg,65,AM5,DDR5,6,12,3.8,5.1,32,5,AMD Zen 4
Intel Core i9-11900F 2.5 GHz 8-Core Processor,N/A,232.9,https://www.amazon.com/dp/B08X6KFM3N?tag=pcpapi-20&linkCode=ogi&th=1&psc=1,https://cdna.pcpartpicker.com/static/forever/images/product/4661b942055a470174e1a056c3e6c042.256p.jpg,65,LGA 1200,DDR4,8,16,2.5,5.2,16,14,Intel Rocket Lake
Intel Core i9-13900 2 GHz 24-Core Processor,4.5,542.7,https://www.amazon.com/dp/B0BQ69VJ1S?tag=pcpapi-20&linkCode=ogi&th=1&psc=1,https://cdna.pcpartpicker.com/static/forever/images/product/ef583b00501fbe1d9df909c3ffe2b413.256p.jpg,65,LGA 1700,DDR4,24,32,2,5.6,36,10,Intel Raptor Lake
AMD Athlon II X3 445 3.1 GHz Triple-Core Processor,N/A,N/A,N/A,https://images-na.ssl-images-amazon.com/images/I/41m%2B9-xcfKL.jpg,95,AM3,DDR4,3,3,3.1,N/A,0,45,AMD K10
AMD Phenom II X2 545 3 GHz Dual-Core Processor,N/A,N/A,N/A,https://images-na.ssl-images-amazon.com/images/I/41BjbZEj4eL.jpg,80,AM3,DDR4,2,2,3,N/A,6,45,AMD K10
AMD Phenom II X4 830 2.8 GHz Quad-Core OEM/Tray Processor,3.7,55.05,https://www.amazon.com/dp/B006VKAI46?tag=pcpapi-20&linkCode=ogi&th=1&psc=1,https://upload.wikimedia.org/wikipedia/commons/thumb/a/ac/No_image_available.svg/256px-No_image_available.jpg,95,AM3,DDR4,4,4,2.8,N/A,6,45,AMD K10
AMD Phenom II X4 955 3.2 GHz Quad-Core OEM/Tray Processor,N/A,N/A,N/A,https://cdna.pcpartpicker.com/static/forever/images/product/fb7d5b0c9f096ff23c67cff86bceba0e.med.256p.jpg,125,AM3,DDR4,4,4,3.2,N/A,6,45,AMD K10
AMD Ryzen 5 1400 3.2 GHz Quad-Core Processor,4.8,110.0,https://www.amazon.com/dp/B06XKWT8J4?tag=pcpapi-20&linkCode=ogi&th=1&psc=1,https://cdna.pcpartpicker.com/static/forever/images/product/42897d7fd845792aaa6a666396777d04.256p.jpg,65,AM4,DDR4,4,8,3.2,3.4,8,14,AMD Zen
AMD Ryzen 5 5600G 3.9 GHz 6-Core Processor,4.8,139.0,https://www.bhphotovideo.com/c/product/1646532-REG/amd_ryzen_5_5600g_3_9.html/BI/19488/KBID/11704,https://cdna.pcpartpicker.com/static/forever/images/product/1dd09dfdc581be6224a323d49d714c7f.256p.jpg,65,AM4,DDR4,6,12,3.9,4.4,16,7,AMD Zen 3
Intel Core i7-12700F 2.1 GHz 12-Core Processor,4.8,237.8,https://click.linksynergy.com/deeplink?id=8BacdVP0GFs&mid=44583&murl=https%3A%2F%2Fwww.newegg.com%2Fintel-core-i7-12700f-core-i7-12th-gen-alder-lake-lga-1700-desktop-processor%2Fp%2FN82E16819118359,https://cdna.pcpartpicker.com/static/forever/images/product/1d6c5691988047da895d68961c33fe95.256p.jpg,65,LGA 1700,DDR4,12,20,2.1,4.9,25,10,Intel Alder Lake
AMD Phenom II X6 1065T 2.7 GHz 6-Core OEM/Tray Processor,N/A,N/A,N/A,https://upload.wikimedia.org/wikipedia/commons/thumb/a/ac/No_image_available.svg/256px-No_image_available.jpg,95,AM3,DDR4,6,6,2.7,N/A,6,45,AMD K10
AMD Ryzen 5 2400G 3.6 GHz Quad-Core OEM/Tray Processor,5.0,N/A,N/A,https://cdna.pcpartpicker.com/static/forever/images/product/f7db92c656335d75ea27d1c702a9de97.256p.jpg,65,AM4,DDR4,4,8,3.6,3.9,4,14,AMD Zen
AMD Ryzen 9 7900 3.6 GHz 12-Core Processor,4.9,367.9,https://www.amazon.com/dp/B0BMQK718H?tag=pcpapi-20&linkCode=ogi&th=1&psc=1,https://cdna.pcpartpicker.com/static/forever/images/product/119ef93ef95a60950418031082149c5b.256p.jpg,65,AM5,DDR5,12,24,3.6,5.4,64,5,AMD Zen 4
Intel Core i7-7700T 2.9 GHz Quad-Core Processor,N/A,N/A,N/A,https://images-eu.ssl-images-amazon.com/images/I/51MlS0N4OdL.jpg,35,LGA 1151,DDR4,4,8,2.9,3.8,8,14,Intel Kaby Lake
Intel Core i5-8600T 2.3 GHz 6-Core OEM/Tray Processor,4.0,N/A,N/A,https://cdna.pcpartpicker.com/static/forever/images/product/67d6c57eae5170d56282ab69bf97d70b.256p.jpg,35,LGA 1151,DDR4,6,6,2.3,3.7,9,14,Intel Coffee Lake
Intel Core i5-9500F 3 GHz 6-Core Processor,N/A,N/A,N/A,https://cdna.pcpartpicker.com/static/forever/images/product/49771d14d439cdcb225dcf97e3e4cb20.256p.jpg,65,LGA 1151,DDR4,6,6,3,4.4,9,14,Intel Coffee Lake Refresh
Intel Core i7-965 Extreme Edition 3.2 GHz Quad-Core OEM/Tray Processor,N/A,N/A,N/A,https://upload.wikimedia.org/wikipedia/commons/thumb/a/ac/No_image_available.svg/256px-No_image_available.jpg,130,LGA 1366,DDR4,4,8,3.2,N/A,8,45,Intel Nehalem
Intel Core i7-10700F 2.9 GHz 8-Core Processor,4.8,220.9,https://www.amazon.com/dp/B086MN2XYL?tag=pcpapi-20&linkCode=ogi&th=1&psc=1,https://m.media-amazon.com/images/I/41P4d+8jqLL.jpg,65,LGA 1200,DDR4,8,16,2.9,4.8,16,14,Intel Comet Lake
AMD Phenom II X4 940 Black 3 GHz Quad-Core OEM/Tray Processor,N/A,N/A,N/A,https://m.media-amazon.com/images/I/51jrL0bbCwL.jpg,125,AM2+,DDR4,4,4,3,N/A,6,45,AMD K10
AMD Phenom II X6 1045T 2.7 GHz 6-Core Processor,4.3,N/A,N/A,https://images-na.ssl-images-amazon.com/images/I/51KwnH%2BBduL.jpg,95,AM3,DDR4,6,6,2.7,N/A,6,45,AMD K10
AMD Ryzen 5 2400G 3.6 GHz Quad-Core Processor,4.8,135.0,https://www.amazon.com/dp/B079D8FD28?tag=pcpapi-20&linkCode=ogi&th=1&psc=1,https://cdna.pcpartpicker.com/static/forever/images/product/320f71912f65606aa2075161dc798c3d.256p.jpg,65,AM4,DDR4,4,8,3.6,3.9,4,14,AMD Zen
AMD Ryzen 9 7900X3D 4.4 GHz 12-Core Processor,4.9,549.0,https://www.amazon.com/dp/B0BTRRNK7T?tag=pcpapi-20&linkCode=ogi&th=1&psc=1,https://cdna.pcpartpicker.com/static/forever/images/product/98c4874ed550e2bbcc2d29d67177ddc8.256p.jpg,120,AM5,DDR5,12,24,4.4,5.6,128,5,AMD Zen 4
Intel Core i5-7600T 2.8 GHz Quad-Core OEM/Tray Processor,N/A,229.95,https://www.amazon.com/dp/B01MS4OCSB?tag=pcpapi-20&linkCode=ogi&th=1&psc=1,https://images-eu.ssl-images-amazon.com/images/I/51ZMybQM3cL.jpg,35,LGA 1151,DDR4,4,4,2.8,3.7,6,14,Intel Kaby Lake
Intel Core i9-7940X 3.1 GHz 14-Core OEM/Tray Processor,N/A,N/A,N/A,https://images-eu.ssl-images-amazon.com/images/I/51jVF96A0XL.jpg,165,LGA 2066,DDR4,14,28,3.1,4.4,19.25,14,Intel Skylake
Intel Core i3-9100F 3.6 GHz Quad-Core Processor,4.5,110.0,https://www.amazon.com/dp/B07R7Q3JZH?tag=pcpapi-20&linkCode=ogi&th=1&psc=1,https://cdna.pcpartpicker.com/static/forever/images/product/0d74fb44f832ad674549787311aafa0f.256p.jpg,65,LGA 1151,DDR4,4,4,3.6,4.2,6,14,Intel Coffee Lake Refresh
Intel Core i7-9700K 3.6 GHz 8-Core OEM/Tray Processor,N/A,N/A,N/A,https://cdna.pcpartpicker.com/static/forever/images/product/fec30788a4d41b1c00c195dc6dffb4e9.256p.jpg,95,LGA 1151,DDR4,8,8,3.6,4.9,12,14,Intel Coffee Lake Refresh
Intel Core i9-9920X 3.5 GHz 12-Core OEM/Tray Processor,N/A,N/A,N/A,https://cdna.pcpartpicker.com/static/forever/images/product/63744c51aa31fb8f5367476e5ae565d3.256p.jpg,165,LGA 2066,DDR4,12,24,3.5,4.4,19.25,14,Intel Skylake
Intel Core i9-10850K 3.6 GHz 10-Core OEM/Tray Processor,5.0,N/A,N/A,https://cdna.pcpartpicker.com/static/forever/images/product/6210f253ebf4ad4b63b05212c1118613.256p.jpg,125,LGA 1200,DDR4,10,20,3.6,5.2,20,14,Intel Comet Lake
Intel Core i3-13100T 2.5 GHz Quad-Core OEM/Tray Processor,N/A,N/A,N/A,https://upload.wikimedia.org/wikipedia/commons/thumb/a/ac/No_image_available.svg/256px-No_image_available.jpg,35,LGA 1700,DDR4,4,8,2.5,4.2,12,10,Intel Raptor Lake
AMD Athlon II X2 245 2.9 GHz Dual-Core OEM/Tray Processor,N/A,N/A,N/A,https://cdna.pcpartpicker.com/static/forever/images/product/a4c53d2bd4a21902db8d56a6b15639db.256p.jpg,65,AM3,DDR4,2,2,2.9,N/A,0,45,AMD K10
AMD Athlon II X4 638 2.7 GHz Quad-Core Processor,N/A,N/A,N/A,https://upload.wikimedia.org/wikipedia/commons/thumb/a/ac/No_image_available.svg/256px-No_image_available.jpg,65,FM1,DDR4,4,4,2.7,N/A,0,32,AMD Lynx
AMD Threadripper 2990WX 3 GHz 32-Core Processor,4.8,N/A,N/A,https://cdna.pcpartpicker.com/static/forever/images/product/376290bb9aa6669a3393dc8c0d266e5b.256p.jpg,250,sTR4,DDR4,32,64,3,4.2,64,12,AMD Zen+
AMD Ryzen 5 3400G 3.7 GHz Quad-Core Processor,4.9,97.95,https://www.amazon.com/dp/B07SXNDKNM?tag=pcpapi-20&linkCode=ogi&th=1&psc=1,https://cdna.pcpartpicker.com/static/forever/images/product/43e2914b40ccb9ab7ce39eb656db3b44.256p.jpg,65,AM4,DDR4,4,8,3.7,4.2,4,12,AMD Zen+
Intel Core i5-7600 3.5 GHz Quad-Core Processor,4.7,82.5,https://www.amazon.com/dp/B01MYTYSMK?tag=pcpapi-20&linkCode=ogi&th=1&psc=1,https://cdna.pcpartpicker.com/static/forever/images/product/0c2441d24af10b2aff285308b4e32d03.256p.jpg,65,LGA 1151,DDR4,4,4,3.5,4.1,6,14,Intel Kaby Lake
Intel Core i9-7900X 3.3 GHz 10-Core Processor,4.9,325.0,https://www.amazon.com/dp/B072KTSCCS?tag=pcpapi-20&linkCode=ogi&th=1&psc=1,https://cdna.pcpartpicker.com/static/forever/images/product/934aeb46f8ae9d26bed3d673b7c635c9.256p.jpg,140,LGA 2066,DDR4,10,20,3.3,4.5,13.75,14,Intel Skylake
Intel Core i7-8700T 2.4 GHz 6-Core OEM/Tray Processor,N/A,199.0,https://www.amazon.com/dp/B079FZXFXQ?tag=pcpapi-20&linkCode=ogi&th=1&psc=1,https://m.media-amazon.com/images/I/419bs0UMD0L.jpg,35,LGA 1151,DDR4,6,12,2.4,4,12,14,Intel Coffee Lake
Intel Core i5-9600 3.1 GHz 6-Core OEM/Tray Processor,N/A,N/A,N/A,https://cdna.pcpartpicker.com/static/forever/images/product/f4137a480bf61e69b6d83e150a0afb01.256p.jpg,65,LGA 1151,DDR4,6,6,3.1,4.6,9,14,Intel Coffee Lake Refresh
Intel Core i9-10900 2.8 GHz 10-Core Processor,4.7,448.99,https://www.amazon.com/dp/B086ML4XSD?tag=pcpapi-20&linkCode=ogi&th=1&psc=1,https://cdna.pcpartpicker.com/static/forever/images/product/2c0e54afceb3b128eef552ffa7b488ee.256p.jpg,65,LGA 1200,DDR4,10,20,2.8,5.2,20,14,Intel Comet Lake
Intel Core i3-13100F 3.4 GHz Quad-Core Processor,4.7,79.0,https://www.bhphotovideo.com/c/product/1735189-REG/intel_bx8071513100f_core_i3_13100f_3_4_ghz.html/BI/19488/KBID/11704,https://cdna.pcpartpicker.com/static/forever/images/product/735d84f17256242adcfad88d56d590bf.256p.jpg,58,LGA 1700,DDR4,4,8,3.4,4.5,12,10,Intel Raptor Lake
AMD Phenom II X4 910 2.6 GHz Quad-Core Processor,4.0,N/A,N/A,https://upload.wikimedia.org/wikipedia/commons/thumb/a/ac/No_image_available.svg/256px-No_image_available.jpg,95,AM3,DDR4,4,4,2.6,N/A,6,45,AMD K10
AMD Threadripper 1920X 3.5 GHz 12-Core Processor,4.9,235.0,https://www.amazon.com/dp/B074CBJHCT?tag=pcpapi-20&linkCode=ogi&th=1&psc=1,https://cdna.pcpartpicker.com/static/forever/images/product/dfb011931e97f85c79165ed9e97aec59.256p.jpg,180,sTR4,DDR4,12,24,3.5,4,32,14,AMD Zen
AMD Ryzen 5 3500 3.6 GHz 6-Core Processor,5.0,N/A,N/A,https://cdna.pcpartpicker.com/static/forever/images/product/7f766d0fb14c24f0cd101da14ec6d0a0.256p.jpg,65,AM4,DDR4,6,6,3.6,4.1,32,7,AMD Zen 2
Intel Core i5-7600T 2.8 GHz Quad-Core Processor,N/A,N/A,N/A,https://cdna.pcpartpicker.com/static/forever/images/product/af30c4076a25b69d6f721172010cc0ec.256p.jpg,35,LGA 1151,DDR4,4,4,2.8,3.7,6,14,Intel Kaby Lake
Intel Core i3-8300T 3.2 GHz Quad-Core OEM/Tray Processor,N/A,N/A,N/A,https://cdna.pcpartpicker.com/static/forever/images/product/67d6c57eae5170d56282ab69bf97d70b.256p.jpg,35,LGA 1151,DDR4,4,4,3.2,N/A,8,14,Intel Coffee Lake
Intel Core i7-975 Extreme Edition 3.33 GHz Quad-Core Processor,4.5,N/A,N/A,https://cdna.pcpartpicker.com/static/forever/images/product/3365e8f40d1a425178189ad44d5049ca.256p.jpg,130,LGA 1366,DDR4,4,8,3.33,N/A,8,45,Intel Nehalem
Intel Core i5-10400 2.9 GHz 6-Core Processor,4.8,123.5,https://www.amazon.com/dp/B086MN38Q2?tag=pcpapi-20&linkCode=ogi&th=1&psc=1,https://cdna.pcpartpicker.com/static/forever/images/product/e5d8c71ba7c15404b87a7fcdf7251281.256p.jpg,65,LGA 1200,DDR4,6,12,2.9,4.3,12,14,Intel Comet Lake
Intel Core i3-12100 3.3 GHz Quad-Core Processor,4.7,115.9,https://www.amazon.com/dp/B09NPHJLPT?tag=pcpapi-20&linkCode=ogi&th=1&psc=1,https://cdna.pcpartpicker.com/static/forever/images/product/c67d8f42c0e57b268f068172e9a3f571.256p.jpg,60,LGA 1700,DDR4,4,8,3.3,4.3,12,10,Intel Alder Lake
AMD Athlon II X2 250 3 GHz Dual-Core Processor,4.0,N/A,N/A,https://images-na.ssl-images-amazon.com/images/I/31tAz9quhnL.jpg,65,AM3,DDR4,2,2,3,N/A,0,45,AMD K10
AMD Athlon II X3 405e 2.3 GHz Triple-Core Processor,N/A,N/A,N/A,https://images-na.ssl-images-amazon.com/images/I/416PLWd07rL.jpg,45,AM3,DDR4,3,3,2.3,N/A,0,45,AMD K10
AMD Phenom II X3 740 Black 3 GHz Triple-Core Processor,5.0,N/A,N/A,https://upload.wikimedia.org/wikipedia/commons/thumb/a/ac/No_image_available.svg/256px-No_image_available.jpg,95,AM3,DDR4,3,3,3,N/A,6,45,AMD K10
AMD Phenom II X4 970 3.5 GHz Quad-Core OEM/Tray Processor,N/A,N/A,N/A,https://upload.wikimedia.org/wikipedia/commons/thumb/a/ac/No_image_available.svg/256px-No_image_available.jpg,125,AM3,DDR4,4,4,3.5,N/A,6.047,45,AMD K10
AMD Ryzen 5 1600 (12nm) 3.2 GHz 6-Core Processor,4.8,120.0,https://www.amazon.com/dp/B07XTQZJ28?tag=pcpapi-20&linkCode=ogi&th=1&psc=1,https://cdna.pcpartpicker.com/static/forever/images/product/2447958ccca245b5827bf05929f870e6.256p.jpg,65,AM4,DDR4,6,12,3.2,3.6,16,12,AMD Zen+
AMD Ryzen 7 5800X 3.8 GHz 8-Core Processor,4.8,161.0,https://www.amazon.com/dp/B0815XFSGK?tag=pcpapi-20&linkCode=ogi&th=1&psc=1,https://cdna.pcpartpicker.com/static/forever/images/product/9b4cefb2e43f2c358f3a97a31e1be90b.256p.jpg,105,AM4,DDR4,8,16,3.8,4.7,32,7,AMD Zen 3
Intel Core i3-9350KF 4 GHz Quad-Core Processor,4.0,N/A,N/A,https://cdna.pcpartpicker.com/static/forever/images/product/b832802a56c229f75ef6adf54fad250c.256p.jpg,91,LGA 1151,DDR4,4,4,4,4.6,8,14,Intel Coffee Lake Refresh
Intel Core i7-9700 3 GHz 8-Core OEM/Tray Processor,N/A,335.0,https://www.amazon.com/dp/B07T7GHT9Q?tag=pcpapi-20&linkCode=ogi&th=1&psc=1,https://cdna.pcpartpicker.com/static/forever/images/product/fec30788a4d41b1c00c195dc6dffb4e9.256p.jpg,65,LGA 1151,DDR4,8,8,3,4.7,12,14,Intel Coffee Lake Refresh
Intel Core i9-9920X 3.5 GHz 12-Core Processor,N/A,N/A,N/A,https://cdna.pcpartpicker.com/static/forever/images/product/63744c51aa31fb8f5367476e5ae565d3.256p.jpg,165,LGA 2066,DDR4,12,24,3.5,4.4,19.25,14,Intel Skylake
Intel Core i5-11600KF 3.9 GHz 6-Core Processor,4.8,167.51,https://www.amazon.com/dp/B08X62BTJD?tag=pcpapi-20&linkCode=ogi&th=1&psc=1,https://cdna.pcpartpicker.com/static/forever/images/product/f9223631f303e54d9bd4aa9967c1f287.256p.jpg,125,LGA 1200,DDR4,6,12,3.9,4.9,12,14,Intel Rocket Lake
Intel Core i5-13500T 1.6 GHz 14-Core OEM/Tray Processor,N/A,N/A,N/A,https://upload.wikimedia.org/wikipedia/commons/thumb/a/ac/No_image_available.svg/256px-No_image_available.jpg,35,LGA 1700,DDR4,14,20,1.6,4.6,24,10,Intel Raptor Lake
AMD Phenom II X2 560 Black 3.3 GHz Dual-Core Processor,N/A,N/A,N/A,https://images-na.ssl-images-amazon.com/images/I/31sEL2Xx2LL.jpg,80,AM3,DDR4,2,2,3.3,N/A,6,45,AMD K10
AMD Phenom II X4 905e 2.5 GHz Quad-Core Processor,N/A,N/A,N/A,https://images-na.ssl-images-amazon.com/images/I/51p9gCVFukL.jpg,65,AM3,DDR4,4,4,2.5,N/A,6,45,AMD K10
AMD Ryzen 5 1600X 3.6 GHz 6-Core Processor,4.9,125.0,https://www.amazon.com/dp/B06XKWT7GD?tag=pcpapi-20&linkCode=ogi&th=1&psc=1,https://cdna.pcpartpicker.com/static/forever/images/product/62069eabe77fa79c55158028545484f2.256p.jpg,95,AM4,DDR4,6,12,3.6,4,16,14,AMD Zen
AMD Ryzen 5 7500F 3.7 GHz 6-Core Processor,4.9,N/A,N/A,https://upload.wikimedia.org/wikipedia/commons/thumb/a/ac/No_image_available.svg/256px-No_image_available.jpg,65,AM5,DDR5,6,12,3.7,5,32,5,AMD Zen 4
Intel Core i7-8700K 3.7 GHz 6-Core Processor,4.9,169.83,https://www.amazon.com/dp/B07598VZR8?tag=pcpapi-20&linkCode=ogi&th=1&psc=1,https://cdna.pcpartpicker.com/static/forever/images/product/d7dea28613ac935e748d330d16ffea69.256p.jpg,95,LGA 1151,DDR4,6,12,3.7,4.7,12,14,Intel Coffee Lake
Intel Core i9-9900K (Standard Folding Box) 3.6 GHz 8-Core Processor,4.8,380.0,https://www.amazon.com/dp/B089J731BX?tag=pcpapi-20&linkCode=ogi&th=1&psc=1,https://cdna.pcpartpicker.com/static/forever/images/product/d6a4bfb6fab5e161ba810775a1cfcd4e.256p.jpg,95,LGA 1151,DDR4,8,16,3.6,5,16,14,Intel Coffee Lake Refresh
Intel Core i9-12900F 2.4 GHz 16-Core Processor,N/A,360.9,https://www.amazon.com/dp/B09RPNW7CM?tag=pcpapi-20&linkCode=ogi&th=1&psc=1,https://cdna.pcpartpicker.com/static/forever/images/product/c709a7db2862582c1870c1b399fd7499.256p.jpg,65,LGA 1700,DDR4,16,24,2.4,5.1,30,10,Intel Alder Lake
AMD Athlon II X4 630 2.8 GHz Quad-Core Processor,N/A,N/A,N/A,https://m.media-amazon.com/images/I/514I1qJUxvL.jpg,95,AM3,DDR4,4,4,2.8,N/A,0,45,AMD K10
AMD Phenom II X4 965 3.4 GHz Quad-Core OEM/Tray Processor,4.0,N/A,N/A,https://upload.wikimedia.org/wikipedia/commons/thumb/a/ac/No_image_available.svg/256px-No_image_available.jpg,125,AM3,DDR4,4,4,3.4,N/A,6,45,AMD K10
AMD Threadripper 2920X 3.5 GHz 12-Core OEM/Tray Processor,N/A,N/A,N/A,https://cdna.pcpartpicker.com/static/forever/images/product/29e90ad73f7c36800dac9c44a7e51a9e.256p.jpg,180,sTR4,DDR4,12,24,3.5,4.3,32,12,AMD Zen+
Intel Core i3-8100T 3.1 GHz Quad-Core OEM/Tray Processor,N/A,N/A,N/A,https://m.media-amazon.com/images/I/51rYvBRk8LL.jpg,35,LGA 1151,DDR4,4,4,3.1,N/A,6,14,Intel Coffee Lake
Intel Core i3-9350K 4 GHz Quad-Core OEM/Tray Processor,N/A,N/A,N/A,https://upload.wikimedia.org/wikipedia/commons/thumb/a/ac/No_image_available.svg/256px-No_image_available.jpg,91,LGA 1151,DDR4,4,4,4,4.6,8,14,Intel Coffee Lake Refresh
Intel Core i7-990X Extreme Edition 3.467 GHz 6-Core Processor,4.0,N/A,N/A,https://images-na.ssl-images-amazon.com/images/I/51sVTOAhw6L.jpg,130,LGA 1366,DDR4,6,12,3.467,N/A,12,32,Intel Westmere
Intel Core i3-10100T 3 GHz Quad-Core OEM/Tray Processor,N/A,N/A,N/A,https://upload.wikimedia.org/wikipedia/commons/thumb/a/ac/No_image_available.svg/256px-No_image_available.jpg,35,LGA 1200,DDR4,4,8,3,3.8,6,14,Intel Comet Lake
Intel Core i7-11700 2.5 GHz 8-Core Processor,4.6,289.9,https://www.amazon.com/dp/B08X6QHYDL?tag=pcpapi-20&linkCode=ogi&th=1&psc=1,https://cdna.pcpartpicker.com/static/forever/images/product/8d5a39d0af57bddb57731195a8c1d58c.256p.jpg,65,LGA 1200,DDR4,8,16,2.5,4.9,16,14,Intel Rocket Lake
Intel Core i9-13900KF 3 GHz 24-Core Processor,4.6,471.1,https://www.amazon.com/dp/B0BCFM3CJ4?tag=pcpapi-20&linkCode=ogi&th=1&psc=1,https://cdna.pcpartpicker.com/static/forever/images/product/ef583b00501fbe1d9df909c3ffe2b413.256p.jpg,125,LGA 1700,DDR4,24,32,3,5.8,36,10,Intel Raptor Lake
AMD Athlon II X3 415e 2.5 GHz Triple-Core Processor,N/A,N/A,N/A,https://m.media-amazon.com/images/I/31agtMe7jCL.jpg,45,AM3,DDR4,3,3,2.5,N/A,0,45,AMD K10
AMD Phenom II X2 550 3.1 GHz Dual-Core Processor,3.5,N/A,N/A,https://m.media-amazon.com/images/I/41G1B97mB0L.jpg,80,AM3,DDR4,2,2,3.1,N/A,6,45,AMD K10
AMD Ryzen 5 5600 3.5 GHz 6-Core Processor,4.9,115.6,https://click.linksynergy.com/deeplink?id=8BacdVP0GFs&mid=44583&murl=https%3A%2F%2Fwww.newegg.com%2Famd-ryzen-5-5600-ryzen-5-5000-series-vermeer-socket-am4-desktop-processor%2Fp%2FN82E16819113736,https://cdna.pcpartpicker.com/static/forever/images/product/49fca908d8863ded4df790bd3af6bc12.256p.jpg,65,AM4,DDR4,6,12,3.5,4.4,32,7,AMD Zen 3
Intel Core i5-750S 2.4 GHz Quad-Core Processor,N/A,125.0,https://www.amazon.com/dp/B00337XOX2?tag=pcpapi-20&linkCode=ogi&th=1&psc=1,https://images-na.ssl-images-amazon.com/images/I/51Z4xqm4nJL.jpg,82,LGA 1156,DDR4,4,4,2.4,N/A,8,45,Intel Nehalem
Intel Core i5-9400F 2.9 GHz 6-Core OEM/Tray Processor,5.0,N/A,N/A,https://cdna.pcpartpicker.com/static/forever/images/product/04f08a1dee17429cdf0a6021ebe5351d.256p.jpg,65,LGA 1151,DDR4,6,6,2.9,4.1,9,14,Intel Coffee Lake Refresh
Intel Core i7-940 2.93 GHz Quad-Core OEM/Tray Processor,N/A,N/A,N/A,https://upload.wikimedia.org/wikipedia/commons/thumb/a/ac/No_image_available.svg/256px-No_image_available.jpg,130,LGA 1366,DDR4,4,8,2.93,N/A,8,45,Intel Nehalem
Intel Core i9-12900KS 3.4 GHz 16-Core Processor,4.6,359.1,https://www.shareasale.com/r.cfm?u=530512&b=150&m=95635&urllink=www.memoryc.com%2F40826-intel-core-i9-12900ks-lga-1700-3-40ghz-alder-lake-30mb-cache-desktop-processor-boxed.html,https://cdna.pcpartpicker.com/static/forever/images/product/b3fd483f4dc6bc63faff298cdffb41d5.256p.jpg,150,LGA 1700,DDR4,16,24,3.4,5.5,30,10,Intel Alder Lake
AMD Athlon II X2 221 2.8 GHz Dual-Core Processor,N/A,N/A,N/A,https://upload.wikimedia.org/wikipedia/commons/thumb/a/ac/No_image_available.svg/256px-No_image_available.jpg,65,FM1,DDR4,2,2,2.8,N/A,0,32,AMD Lynx
AMD Threadripper 1950X 3.4 GHz 16-Core Processor,4.9,624.9,https://www.amazon.com/dp/B074CBH3R4?tag=pcpapi-20&linkCode=ogi&th=1&psc=1,https://m.media-amazon.com/images/I/51hzN4DjiDL.jpg,180,sTR4,DDR4,16,32,3.4,4,32,14,AMD Zen
Intel Core i5-7500T 2.7 GHz Quad-Core Processor,N/A,N/A,N/A,https://images-eu.ssl-images-amazon.com/images/I/51JPrIJI7gL.jpg,35,LGA 1151,DDR4,4,4,2.7,3.3,6,14,Intel Kaby Lake
Intel Core i7-940 2.93 GHz Quad-Core Processor,4.0,149.94,https://www.amazon.com/dp/B001H5Z0XE?tag=pcpapi-20&linkCode=ogi&th=1&psc=1,https://images-na.ssl-images-amazon.com/images/I/51rfJtSu6rL.jpg,130,LGA 1366,DDR4,4,8,2.93,N/A,8,45,Intel Nehalem
Intel Core i9-11900K 3.5 GHz 8-Core Processor,4.3,270.0,https://www.amazon.com/dp/B08X6PPTTH?tag=pcpapi-20&linkCode=ogi&th=1&psc=1,https://cdna.pcpartpicker.com/static/forever/images/product/eb8ef73f5460ac6ad82f634b2dcf793a.256p.jpg,125,LGA 1200,DDR4,8,16,3.5,5.3,16,14,Intel Rocket Lake
Intel Core i9-13900K 3 GHz 24-Core Processor,4.8,437.7,https://www.amazon.com/dp/B0BCF54SR1?tag=pcpapi-20&linkCode=ogi&th=1&psc=1,https://cdna.pcpartpicker.com/static/forever/images/product/ef583b00501fbe1d9df909c3ffe2b413.256p.jpg,125,LGA 1700,DDR4,24,32,3,5.8,36,10,Intel Raptor Lake
AMD Athlon II X3 440 3 GHz Triple-Core OEM/Tray Processor,5.0,N/A,N/A,https://upload.wikimedia.org/wikipedia/commons/thumb/a/ac/No_image_available.svg/256px-No_image_available.jpg,95,AM3,DDR4,3,3,3,N/A,0,45,AMD K10
AMD Phenom II X3 705e 2.5 GHz Triple-Core Processor,N/A,N/A,N/A,https://m.media-amazon.com/images/I/41EIjRKmGVL.jpg,65,AM3,DDR4,3,3,2.5,N/A,6,45,AMD K10
AMD Ryzen 5 7600X 4.7 GHz 6-Core Processor,4.9,207.9,https://www.amazon.com/dp/B0BBJDS62N?tag=pcpapi-20&linkCode=ogi&th=1&psc=1,https://cdna.pcpartpicker.com/static/forever/images/product/fd6305088c9d16d59017b380fb9c408a.256p.jpg,105,AM5,DDR5,6,12,4.7,5.3,32,5,AMD Zen 4
Intel Core i3-7320 4.1 GHz Dual-Core OEM/Tray Processor,N/A,N/A,N/A,https://upload.wikimedia.org/wikipedia/commons/thumb/a/ac/No_image_available.svg/256px-No_image_available.jpg,51,LGA 1151,DDR4,2,4,4.1,N/A,4,14,Intel Kaby Lake
Intel Core i7-7740X 4.3 GHz Quad-Core OEM/Tray Processor,N/A,135.0,https://www.amazon.com/dp/B073VMLJVV?tag=pcpapi-20&linkCode=ogi&th=1&psc=1,https://cdna.pcpartpicker.com/static/forever/images/product/691467fd1a461dd708186f4dc35d71c5.256p.jpg,112,LGA 2066,DDR4,4,8,4.3,4.5,8,14,Intel Kaby Lake
Intel Core i5-9600KF 3.7 GHz 6-Core OEM/Tray Processor,5.0,344.9,https://www.amazon.com/dp/B07TF7KZVT?tag=pcpapi-20&linkCode=ogi&th=1&psc=1,https://cdna.pcpartpicker.com/static/forever/images/product/a289a7b9f1db29fdb4364c09d7d012f8.256p.jpg,95,LGA 1151,DDR4,6,6,3.7,4.6,12,14,Intel Coffee Lake Refresh
Intel Core i9-9900KF 3.6 GHz 8-Core Processor,4.9,288.0,https://www.amazon.com/dp/B07MGBZWDZ?tag=pcpapi-20&linkCode=ogi&th=1&psc=1,https://cdna.pcpartpicker.com/static/forever/images/product/cd59447c1091b738d94fc8ea7b0629c6.256p.jpg,95,LGA 1151,DDR4,8,16,3.6,5,16,14,Intel Coffee Lake Refresh
Intel Core i5-10600K 4.1 GHz 6-Core Processor,N/A,N/A,N/A,https://cdna.pcpartpicker.com/static/forever/images/product/cec5ee818776737baefc9603bdbf9391.256p.jpg,125,LGA 1200,DDR4,6,12,4.1,4.8,12,14,Intel Comet Lake
AMD Athlon II X2 220 2.8 GHz Dual-Core OEM/Tray Processor,3.0,N/A,N/A,https://upload.wikimedia.org/wikipedia/commons/thumb/a/ac/No_image_available.svg/256px-No_image_available.jpg,65,AM3,DDR4,2,2,2.8,N/A,0,45,AMD K10
AMD Athlon II X4 635 2.9 GHz Quad-Core OEM/Tray Processor,N/A,58.02,https://www.amazon.com/dp/B0090YJ82I?tag=pcpapi-20&linkCode=ogi&th=1&psc=1,https://m.media-amazon.com/images/I/515PHOORs-L.jpg,95,AM3,DDR4,4,4,2.9,N/A,0,45,AMD K10
AMD Phenom II X6 1090T Black 3.2 GHz 6-Core Processor,4.4,N/A,N/A,https://images-na.ssl-images-amazon.com/images/I/51zg42Jls6L.jpg,125,AM3,DDR4,6,6,3.2,N/A,6,45,AMD K10
AMD Ryzen 9 7900X 4.7 GHz 12-Core Processor,4.9,395.9,https://www.amazon.com/dp/B0BBJ59WJ4?tag=pcpapi-20&linkCode=ogi&th=1&psc=1,https://cdna.pcpartpicker.com/static/forever/images/product/8de723005cfc1b85071c4abf4d76bd4e.256p.jpg,170,AM5,DDR5,12,24,4.7,5.6,64,5,AMD Zen 4
Intel Core i3-8350K 4 GHz Quad-Core OEM/Tray Processor,5.0,N/A,N/A,https://images-eu.ssl-images-amazon.com/images/I/51rVnr94h7L.jpg,91,LGA 1151,DDR4,4,4,4,N/A,8,14,Intel Coffee Lake
Intel Core i7-980 3.333 GHz 6-Core Processor,5.0,349.95,https://www.amazon.com/dp/B0058FO22O?tag=pcpapi-20&linkCode=ogi&th=1&psc=1,https://images-na.ssl-images-amazon.com/images/I/51gavFRmmQL.jpg,130,LGA 1366,DDR4,6,12,3.333,N/A,12,32,Intel Westmere
Intel Core i3-10325 3.9 GHz Quad-Core Processor,N/A,N/A,N/A,https://cdna.pcpartpicker.com/static/forever/images/product/13e22d5b7111a75185affdbee13d6646.256p.jpg,65,LGA 1200,DDR4,4,8,3.9,4.7,8,14,Intel Comet Lake
Intel Core i9-11900KF 3.5 GHz 8-Core Processor,4.0,269.0,https://www.amazon.com/dp/B08X6KQSZ1?tag=pcpapi-20&linkCode=ogi&th=1&psc=1,https://cdna.pcpartpicker.com/static/forever/images/product/bf7178722382122f3fbf2e53d32e99f6.256p.jpg,125,LGA 1200,DDR4,8,16,3.5,5.3,16,14,Intel Rocket Lake
AMD Phenom II X3 720 Black 2.8 GHz Triple-Core OEM/Tray Processor,5.0,N/A,N/A,https://images-na.ssl-images-amazon.com/images/I/41upXL94npL.jpg,95,AM3,DDR4,3,3,2.8,N/A,6,45,AMD K10
AMD Phenom II X4 960T Black 3 GHz Quad-Core OEM/Tray Processor,4.0,N/A,N/A,https://upload.wikimedia.org/wikipedia/commons/thumb/a/ac/No_image_available.svg/256px-No_image_available.jpg,95,AM3,DDR4,4,4,3,N/A,6,45,AMD K10
AMD Ryzen 7 1700X 3.4 GHz 8-Core Processor,4.0,N/A,N/A,https://cdna.pcpartpicker.com/static/forever/images/product/590d9c982550da4f2f69490c5f9c0902.256p.jpg,95,AM4,DDR4,8,16,3.4,3.8,16,14,AMD Zen
AMD Ryzen 9 5950X 3.4 GHz 16-Core Processor,5.0,349.0,https://www.amazon.com/dp/B0815Y8J9N?tag=pcpapi-20&linkCode=ogi&th=1&psc=1,https://cdna.pcpartpicker.com/static/forever/images/product/1d7073a2deda3bd22963a7e248bbe3e4.256p.jpg,105,AM4,DDR4,16,32,3.4,4.9,64,7,AMD Zen 3
Intel Core i5-750 2.66 GHz Quad-Core Processor,4.8,60.0,https://www.amazon.com/dp/B002KQ5KDY?tag=pcpapi-20&linkCode=ogi&th=1&psc=1,https://cdna.pcpartpicker.com/static/forever/images/product/81283e72ef71a981049b8a1b7dc9c50e.256p.jpg,95,LGA 1156,DDR4,4,4,2.66,N/A,8,45,Intel Nehalem
Intel Core i7-7820X 3.6 GHz 8-Core Processor,N/A,N/A,N/A,https://cdna.pcpartpicker.com/static/forever/images/product/d89b878886f1e1afa45aa618a95f4136.256p.jpg,140,LGA 2066,DDR4,8,16,3.6,4.5,11,14,Intel Skylake
Intel Core i7-860 2.8 GHz Quad-Core Processor,4.2,230.97,https://www.amazon.com/dp/B002KQ5KE8?tag=pcpapi-20&linkCode=ogi&th=1&psc=1,https://m.media-amazon.com/images/I/51Pf-Co5+iL.jpg,95,LGA 1156,DDR4,4,8,2.8,N/A,8,45,Intel Nehalem
Intel Core i5-9600T 2.3 GHz 6-Core OEM/Tray Processor,N/A,N/A,N/A,https://cdna.pcpartpicker.com/static/forever/images/product/f4137a480bf61e69b6d83e150a0afb01.256p.jpg,35,LGA 1151,DDR4,6,6,2.3,3.9,9,14,Intel Coffee Lake Refresh
Intel Core i9-9960X 3.1 GHz 16-Core OEM/Tray Processor,N/A,999.99,https://www.amazon.com/dp/B07LB25C9T?tag=pcpapi-20&linkCode=ogi&th=1&psc=1,https://cdna.pcpartpicker.com/static/forever/images/product/c30188135bf5f40e24fb3daa3fc225a1.256p.jpg,165,LGA 2066,DDR4,16,32,3.1,4.4,22,14,Intel Skylake
Intel Core i9-10900X 3.7 GHz 10-Core Processor,5.0,565.0,https://www.amazon.com/dp/B07YP69HTM?tag=pcpapi-20&linkCode=ogi&th=1&psc=1,https://cdna.pcpartpicker.com/static/forever/images/product/d6ea76d2a63ade5759235829a6d63697.256p.jpg,165,LGA 2066,DDR4,10,20,3.7,4.7,19.25,14,Intel Cascade Lake
Intel Core i9-12900 2.4 GHz 16-Core Processor,N/A,411.9,https://www.amazon.com/dp/B09RPF28CG?tag=pcpapi-20&linkCode=ogi&th=1&psc=1,https://cdna.pcpartpicker.com/static/forever/images/product/c709a7db2862582c1870c1b399fd7499.256p.jpg,65,LGA 1700,DDR4,16,24,2.4,5.1,30,10,Intel Alder Lake
AMD Ryzen 5 4600G 3.7 GHz 6-Core Processor,4.9,103.9,https://www.amazon.com/dp/B09Z5NH6SJ?tag=pcpapi-20&linkCode=ogi&th=1&psc=1,https://cdna.pcpartpicker.com/static/forever/images/product/29ffd579cd750d1f43cba3ba1c578d8c.256p.jpg,65,AM4,DDR4,6,12,3.7,4.2,8,7,AMD Zen 2
Intel Core i5-7400 3 GHz Quad-Core OEM/Tray Processor,N/A,119.0,https://www.amazon.com/dp/B01NAQHL1Q?tag=pcpapi-20&linkCode=ogi&th=1&psc=1,https://upload.wikimedia.org/wikipedia/commons/thumb/a/ac/No_image_available.svg/256px-No_image_available.jpg,65,LGA 1151,DDR4,4,4,3,3.5,6,14,Intel Kaby Lake
Intel Core i7-860 2.8 GHz Quad-Core OEM/Tray Processor,4.0,189.95,https://www.amazon.com/dp/B0046T11TK?tag=pcpapi-20&linkCode=ogi&th=1&psc=1,https://m.media-amazon.com/images/I/41odd6ve4iL.jpg,95,LGA 1156,DDR4,4,8,2.8,N/A,8,45,Intel Nehalem
Intel Core i7-9700 3 GHz 8-Core Processor,5.0,235.0,https://www.amazon.com/dp/B07S6CRLVD?tag=pcpapi-20&linkCode=ogi&th=1&psc=1,https://cdna.pcpartpicker.com/static/forever/images/product/3760e89d1820da393f084e2c18a62e3b.256p.jpg,65,LGA 1151,DDR4,8,8,3,4.7,12,14,Intel Coffee Lake Refresh
Intel Core i9-9900X 3.5 GHz 10-Core Processor,N/A,579.99,https://www.amazon.com/dp/B07L5Q7K8N?tag=pcpapi-20&linkCode=ogi&th=1&psc=1,https://cdna.pcpartpicker.com/static/forever/images/product/9f4bab6ab3d6eac89876013f43df820e.256p.jpg,165,LGA 2066,DDR4,10,20,3.5,4.4,19.25,14,Intel Skylake
Intel Core i9-10900K 3.7 GHz 10-Core Processor,N/A,N/A,N/A,https://cdna.pcpartpicker.com/static/forever/images/product/b501d68b041d6f48bc11c402012d59cb.256p.jpg,125,LGA 1200,DDR4,10,20,3.7,5.3,20,14,Intel Comet Lake
AMD Athlon II X2 250u 1.6 GHz Dual-Core OEM/Tray Processor,N/A,N/A,N/A,https://images-na.ssl-images-amazon.com/images/I/31HuVwlnBQL.jpg,25,AM3,DDR4,2,2,1.6,N/A,0,45,AMD K10
AMD Athlon II X4 610e 2.4 GHz Quad-Core Processor,N/A,N/A,N/A,https://upload.wikimedia.org/wikipedia/commons/thumb/a/ac/No_image_available.svg/256px-No_image_available.jpg,45,AM3,DDR4,4,4,2.4,N/A,0,45,AMD K10
AMD Phenom II X4 975 3.6 GHz Quad-Core Processor,5.0,N/A,N/A,https://images-na.ssl-images-amazon.com/images/I/51rsvB7sGlL.jpg,125,AM3,DDR4,4,4,3.6,N/A,6,45,AMD K10
Intel Core i5-8400T 1.7 GHz 6-Core OEM/Tray Processor,N/A,139.0,https://www.amazon.com/dp/B079FYL3S2?tag=pcpapi-20&linkCode=ogi&th=1&psc=1,https://images-eu.ssl-images-amazon.com/images/I/41wcBEPMK1L.jpg,35,LGA 1151,DDR4,6,6,1.7,3.3,9,14,Intel Coffee Lake
Intel Core i5-9600K 3.7 GHz 6-Core OEM/Tray Processor,N/A,N/A,N/A,https://cdna.pcpartpicker.com/static/forever/images/product/098696533a70605843046dace582cd85.256p.jpg,95,LGA 1151,DDR4,6,6,3.7,4.6,9,14,Intel Coffee Lake Refresh
Intel Core i7-965 Extreme Edition 3.2 GHz Quad-Core Processor,N/A,N/A,N/A,https://images-na.ssl-images-amazon.com/images/I/51wo3t7KK-L.jpg,130,LGA 1366,DDR4,4,8,3.2,N/A,8,45,Intel Nehalem
Intel Core i9-13900F 2 GHz 24-Core Processor,N/A,455.2,https://www.shareasale.com/r.cfm?u=530512&b=150&m=95635&urllink=www.memoryc.com%2F42386-intel-core-i9-13900f-2-0ghz-5-6-turbo-24-core-lga-1700-desktop-processor-raptor-lake.html,https://cdna.pcpartpicker.com/static/forever/images/product/b8fab5fbdca5b7f19d806800e9d07b16.256p.jpg,65,LGA 1700,DDR4,24,32,2,5.6,36,10,Intel Raptor Lake
AMD Phenom II X4 980 Black 3.7 GHz Quad-Core OEM/Tray Processor,N/A,N/A,N/A,https://upload.wikimedia.org/wikipedia/commons/thumb/a/ac/No_image_available.svg/256px-No_image_available.jpg,125,AM3,DDR4,4,4,3.7,N/A,6.047,45,AMD K10
AMD Ryzen 7 1800X 3.6 GHz 8-Core Processor,4.9,235.0,https://www.amazon.com/dp/B06W9JXK4G?tag=pcpapi-20&linkCode=ogi&th=1&psc=1,https://cdna.pcpartpicker.com/static/forever/images/product/a12eab97aff3815b6707805450266034.256p.jpg,95,AM4,DDR4,8,16,3.6,4,16,14,AMD Zen
Intel Core i9-7920X 2.9 GHz 12-Core OEM/Tray Processor,N/A,N/A,N/A,https://images-na.ssl-images-amazon.com/images/I/31SsklWAJzL.jpg,140,LGA 2066,DDR4,12,24,2.9,4.4,16.5,14,Intel Skylake
Intel Core i3-9100 3.6 GHz Quad-Core Processor,4.7,92.07,https://www.amazon.com/dp/B07RXW4Y2K?tag=pcpapi-20&linkCode=ogi&th=1&psc=1,https://cdna.pcpartpicker.com/static/forever/images/product/0d74fb44f832ad674549787311aafa0f.256p.jpg,65,LGA 1151,DDR4,4,4,3.6,4.2,6,14,Intel Coffee Lake Refresh
Intel Core i9-9940X 3.3 GHz 14-Core OEM/Tray Processor,N/A,998.95,https://www.amazon.com/dp/B07LB3MLBL?tag=pcpapi-20&linkCode=ogi&th=1&psc=1,https://cdna.pcpartpicker.com/static/forever/images/product/50776c69f9128aa5d614c1abbdd6eab5.256p.jpg,165,LGA 2066,DDR4,14,28,3.3,4.4,19.25,14,Intel Skylake
Intel Core i5-13600KF 3.5 GHz 14-Core Processor,4.8,211.0,https://www.amazon.com/dp/B0BCF5CZ16?tag=pcpapi-20&linkCode=ogi&th=1&psc=1,https://cdna.pcpartpicker.com/static/forever/images/product/d151778af9f52d6ab1f9475a0ae84dc0.256p.jpg,125,LGA 1700,DDR4,14,20,3.5,5.1,24,10,Intel Raptor Lake
AMD Athlon II X2 221 2.8 GHz Dual-Core OEM/Tray Processor,N/A,N/A,N/A,https://upload.wikimedia.org/wikipedia/commons/thumb/a/ac/No_image_available.svg/256px-No_image_available.jpg,65,FM1,DDR4,2,2,2.8,N/A,0,32,AMD Lynx
AMD Threadripper 2950X 3.5 GHz 16-Core Processor,5.0,N/A,N/A,https://cdna.pcpartpicker.com/static/forever/images/product/09734bbf8632da3f135375bbb4ea6f94.256p.jpg,180,sTR4,DDR4,16,32,3.5,4.4,32,12,AMD Zen+
Intel Core i5-760 2.8 GHz Quad-Core Processor,5.0,89.99,https://www.amazon.com/dp/B003VANRAQ?tag=pcpapi-20&linkCode=ogi&th=1&psc=1,https://cdna.pcpartpicker.com/static/forever/images/product/f7b07148337e7ce06429682d5c2c24d1.256p.jpg,95,LGA 1156,DDR4,4,4,2.8,N/A,8,45,Intel Nehalem
Intel Core i9-7980XE 2.6 GHz 18-Core Processor,4.0,906.2,https://www.amazon.com/dp/B075XRYMDR?tag=pcpapi-20&linkCode=ogi&th=1&psc=1,https://cdna.pcpartpicker.com/static/forever/images/product/ea6fb7fd04b7ce82ea8d3e1804736d1c.256p.jpg,165,LGA 2066,DDR4,18,36,2.6,4.4,24,14,Intel Skylake
Intel Core i7-870 2.93 GHz Quad-Core OEM/Tray Processor,5.0,189.95,https://www.amazon.com/dp/B004VOXG4S?tag=pcpapi-20&linkCode=ogi&th=1&psc=1,https://m.media-amazon.com/images/I/41sDSImrG4S.jpg,95,LGA 1156,DDR4,4,8,2.93,N/A,8,45,Intel Nehalem
Intel Core i9-10980XE 3 GHz 18-Core Processor,N/A,815.0,https://www.amazon.com/dp/B07YP6D8RK?tag=pcpapi-20&linkCode=ogi&th=1&psc=1,https://cdna.pcpartpicker.com/static/forever/images/product/31fa050d67e7b58c6e3b5a1fbdfacf34.256p.jpg,165,LGA 2066,DDR4,18,36,3,4.8,24.75,14,Intel Cascade Lake
AMD Athlon II X2 260 3.2 GHz Dual-Core OEM/Tray Processor,N/A,N/A,N/A,https://cdna.pcpartpicker.com/static/forever/images/product/354edccd6a72338e6ea9ae3e2c4b7ce1.256p.jpg,65,AM3,DDR4,2,2,3.2,N/A,0,45,AMD K10
AMD Athlon II X4 651 3 GHz Quad-Core Processor,4.0,N/A,N/A,https://images-na.ssl-images-amazon.com/images/I/4109K75cNWL.jpg,100,FM1,DDR4,4,4,3,N/A,0,32,AMD Lynx
AMD Phenom II X4 920 2.8 GHz Quad-Core Processor,N/A,N/A,N/A,https://m.media-amazon.com/images/I/61wmgoaUiaL.jpg,125,AM2+,DDR4,4,4,2.8,N/A,6,45,AMD K10
AMD Ryzen 7 2700 3.2 GHz 8-Core OEM/Tray Processor,N/A,N/A,N/A,https://upload.wikimedia.org/wikipedia/commons/thumb/a/ac/No_image_available.svg/256px-No_image_available.jpg,65,AM4,DDR4,8,16,3.2,4.1,16,12,AMD Zen+
Intel Core i9-7980XE 2.6 GHz 18-Core OEM/Tray Processor,N/A,1255.0,https://www.amazon.com/dp/B078L6GSH3?tag=pcpapi-20&linkCode=ogi&th=1&psc=1,https://cdna.pcpartpicker.com/static/forever/images/product/86dc01a773c3d1f95ea91de2819a7848.256p.jpg,165,LGA 2066,DDR4,18,36,2.6,4.4,24,14,Intel Skylake
Intel Core i7-860S 2.53 GHz Quad-Core OEM/Tray Processor,N/A,N/A,N/A,https://upload.wikimedia.org/wikipedia/commons/thumb/a/ac/No_image_available.svg/256px-No_image_available.jpg,82,LGA 1156,DDR4,4,8,2.53,N/A,8,45,Intel Nehalem
Intel Core i7-9700F 3 GHz 8-Core OEM/Tray Processor,N/A,389.95,https://www.amazon.com/dp/B07YCY3P46?tag=pcpapi-20&linkCode=ogi&th=1&psc=1,https://cdna.pcpartpicker.com/static/forever/images/product/2a54758af56063b11ceb9edee8074090.256p.jpg,65,LGA 1151,DDR4,8,8,3,4.7,12,14,Intel Coffee Lake Refresh
Intel Core i9-9960X 3.1 GHz 16-Core Processor,N/A,N/A,N/A,https://cdna.pcpartpicker.com/static/forever/images/product/c30188135bf5f40e24fb3daa3fc225a1.256p.jpg,165,LGA 2066,DDR4,16,32,3.1,4.4,22,14,Intel Skylake
Intel Core i9-10850KA Avengers Limited Edition 3.6 GHz 10-Core Processor,N/A,N/A,N/A,https://cdna.pcpartpicker.com/static/forever/images/product/8f204a977a78a6c02837f3352fe91d94.256p.jpg,125,LGA 1200,DDR4,10,20,3.6,5.2,20,14,Intel Comet Lake
Intel Core i5-13600K 3.5 GHz 14-Core Processor,4.8,214.0,https://www.amazon.com/dp/B0BG63WLG3?tag=pcpapi-20&linkCode=ogi&th=1&psc=1,https://cdna.pcpartpicker.com/static/forever/images/product/535b5631a223b77657804c8144c1277e.256p.jpg,125,LGA 1700,DDR4,14,20,3.5,5.1,24,10,Intel Raptor Lake
AMD Phenom II X4 955 Black 3.2 GHz Quad-Core Processor,4.5,N/A,N/A,https://images-na.ssl-images-amazon.com/images/I/414eBjgBTcL.jpg,125,AM3,DDR4,4,4,3.2,N/A,6,45,AMD K10
AMD Phenom II X4 805 2.5 GHz Quad-Core Processor,N/A,N/A,N/A,https://upload.wikimedia.org/wikipedia/commons/thumb/a/ac/No_image_available.svg/256px-No_image_available.jpg,95,AM3,DDR4,4,4,2.5,N/A,4,45,AMD K10
AMD Ryzen 3 1200 (12nm) 3.1 GHz Quad-Core Processor,4.8,89.8,https://www.amazon.com/dp/B0741DN383?tag=pcpapi-20&linkCode=ogi&th=1&psc=1,https://cdna.pcpartpicker.com/static/forever/images/product/2718f93893c0e844d4eb23c81d86b009.256p.jpg,65,AM4,DDR4,4,4,3.1,3.4,8,12,AMD Zen+
AMD Ryzen 5 5600X 3.7 GHz 6-Core Processor,4.9,126.0,https://www.amazon.com/dp/B08166SLDF?tag=pcpapi-20&linkCode=ogi&th=1&psc=1,https://cdna.pcpartpicker.com/static/forever/images/product/3ef757133d38ac40afe75da691ba7d60.256p.jpg,65,AM4,DDR4,6,12,3.7,4.6,32,7,AMD Zen 3
Intel Core i7-7700 3.6 GHz Quad-Core OEM/Tray Processor,4.0,120.0,https://www.amazon.com/dp/B06XPBFXLG?tag=pcpapi-20&linkCode=ogi&th=1&psc=1,https://m.media-amazon.com/images/I/41GKAuFuNGL.jpg,65,LGA 1151,DDR4,4,8,3.6,4.2,8,14,Intel Kaby Lake
Intel Core i5-8500T 2.1 GHz 6-Core OEM/Tray Processor,5.0,125.0,https://www.amazon.com/dp/B079G2PK7D?tag=pcpapi-20&linkCode=ogi&th=1&psc=1,https://m.media-amazon.com/images/I/41wcBEPMK1L.jpg,35,LGA 1151,DDR4,6,6,2.1,3.5,9,14,Intel Coffee Lake
Intel Core i5-9600KF 3.7 GHz 6-Core Processor,4.8,170.0,https://www.amazon.com/dp/B07MQP5LNM?tag=pcpapi-20&linkCode=ogi&th=1&psc=1,https://cdna.pcpartpicker.com/static/forever/images/product/658de8a85dd1c0af16b8f020ed5bb2da.256p.jpg,95,LGA 1151,DDR4,6,6,3.7,4.6,12,14,Intel Coffee Lake Refresh
Intel Core i7-9800X 3.8 GHz 8-Core OEM/Tray Processor,N/A,N/A,N/A,https://cdna.pcpartpicker.com/static/forever/images/product/876ed5cb8495b244ed3a4264e9e7d423.256p.jpg,165,LGA 2066,DDR4,8,16,3.8,4.5,16.5,14,Intel Skylake
Intel Core i3-12100F 3.3 GHz Quad-Core Processor,4.9,79.9,https://click.linksynergy.com/deeplink?id=8BacdVP0GFs&mid=44583&murl=https%3A%2F%2Fwww.newegg.com%2Fintel-core-i3-12100f-core-i3-12th-gen-alder-lake-lga-1700-desktop-processor%2Fp%2FN82E16819118357,https://cdna.pcpartpicker.com/static/forever/images/product/c67d8f42c0e57b268f068172e9a3f571.256p.jpg,58,LGA 1700,DDR4,4,8,3.3,4.3,12,10,Intel Alder Lake
Intel Core i9-13900T 1.1 GHz 24-Core OEM/Tray Processor,5.0,N/A,N/A,https://upload.wikimedia.org/wikipedia/commons/thumb/a/ac/No_image_available.svg/256px-No_image_available.jpg,35,LGA 1700,DDR4,24,32,1.1,5.3,36,10,Intel Raptor Lake
AMD Athlon II X4 640 3 GHz Quad-Core OEM/Tray Processor,5.0,53.0,https://www.amazon.com/dp/B006VK73YE?tag=pcpapi-20&linkCode=ogi&th=1&psc=1,https://cdna.pcpartpicker.com/static/forever/images/product/fed605487451ec984fce040e4cca5b06.med.256p.jpg,95,AM3,DDR4,4,4,3,N/A,0,45,AMD K10
AMD Phenom II X3 720 2.8 GHz Triple-Core Processor,5.0,N/A,N/A,https://images-na.ssl-images-amazon.com/images/I/41upXL94npL.jpg,95,AM3,DDR4,3,3,2.8,N/A,6,45,AMD K10
AMD Phenom II X6 1035T 2.6 GHz 6-Core OEM/Tray Processor,5.0,N/A,N/A,https://upload.wikimedia.org/wikipedia/commons/thumb/a/ac/No_image_available.svg/256px-No_image_available.jpg,95,AM3,DDR4,6,6,2.6,N/A,6,45,AMD K10
AMD Ryzen 7 PRO 7745 3.8 GHz 8-Core OEM/Tray Processor,N/A,N/A,N/A,https://cdna.pcpartpicker.com/static/forever/images/product/0060e87b1c0093626f67e76793e68c41.256p.jpg,65,AM5,DDR5,8,16,3.8,5.3,32,5,AMD Zen 4
Intel Core i9-7920X 2.9 GHz 12-Core Processor,N/A,348.0,https://www.amazon.com/dp/B0756L5T93?tag=pcpapi-20&linkCode=ogi&th=1&psc=1,https://cdna.pcpartpicker.com/static/forever/images/product/b4777c982f9e93e78c9726b88618ad3a.256p.jpg,140,LGA 2066,DDR4,12,24,2.9,4.4,16.5,14,Intel Skylake
Intel Core i7-875K 2.93 GHz Quad-Core Processor,5.0,180.0,https://www.amazon.com/dp/B003LD07LU?tag=pcpapi-20&linkCode=ogi&th=1&psc=1,https://cdna.pcpartpicker.com/static/forever/images/product/27657366995fc2ffda0f5121efe94284.256p.jpg,95,LGA 1156,DDR4,4,8,2.93,N/A,8,45,Intel Nehalem
Intel Core i9-10940X 3.3 GHz 14-Core Processor,N/A,720.0,https://www.amazon.com/dp/B07YP67PFV?tag=pcpapi-20&linkCode=ogi&th=1&psc=1,https://cdna.pcpartpicker.com/static/forever/images/product/665a1e6d9fce6e709588d6546b503b73.256p.jpg,165,LGA 2066,DDR4,14,28,3.3,4.8,19.25,14,Intel Cascade Lake
AMD Phenom II X4 840 3.2 GHz Quad-Core OEM/Tray Processor,N/A,N/A,N/A,https://m.media-amazon.com/images/I/51LrUNN4lIL.jpg,95,AM3,DDR4,4,4,3.2,N/A,0,45,AMD K10
AMD Ryzen 5 3400G 3.7 GHz Quad-Core OEM/Tray Processor,N/A,N/A,N/A,https://cdna.pcpartpicker.com/static/forever/images/product/fd7b679a51670fc1161384cf95ba464f.256p.jpg,65,AM4,DDR4,4,8,3.7,4.2,4,12,AMD Zen+
Intel Core i5-7640X 4 GHz Quad-Core Processor,N/A,348.88,https://www.amazon.com/dp/B071KMBHS8?tag=pcpapi-20&linkCode=ogi&th=1&psc=1,https://m.media-amazon.com/images/I/51LYLytJQOL.jpg,112,LGA 2066,DDR4,4,4,4,4.2,6,14,Intel Kaby Lake
Intel Core i7-9700K 3.6 GHz 8-Core Processor,4.8,235.0,https://www.amazon.com/dp/B07HHN6KBZ?tag=pcpapi-20&linkCode=ogi&th=1&psc=1,https://cdna.pcpartpicker.com/static/forever/images/product/3760e89d1820da393f084e2c18a62e3b.256p.jpg,95,LGA 1151,DDR4,8,8,3.6,4.9,12,14,Intel Coffee Lake Refresh
Intel Core i9-10920X 3.5 GHz 12-Core Processor,5.0,988.88,https://www.amazon.com/dp/B07YP6Y9VY?tag=pcpapi-20&linkCode=ogi&th=1&psc=1,https://cdna.pcpartpicker.com/static/forever/images/product/f289869a9c93444d38bf7d98fcbe2407.256p.jpg,165,LGA 2066,DDR4,12,24,3.5,4.8,19.25,14,Intel Cascade Lake
Intel Core i7-13700KF 3.4 GHz 16-Core Processor,5.0,329.99,https://www.amazon.com/dp/B0BCDL7F5W?tag=pcpapi-20&linkCode=ogi&th=1&psc=1,https://cdna.pcpartpicker.com/static/forever/images/product/b2de198020c1bb1bda375064b94e60dc.256p.jpg,125,LGA 1700,DDR4,16,24,3.4,5.4,30,10,Intel Raptor Lake
AMD Phenom II X4 970 Black 3.5 GHz Quad-Core Processor,4.5,N/A,N/A,https://images-na.ssl-images-amazon.com/images/I/41%2BGx2v%2BcrL.jpg,125,AM3,DDR4,4,4,3.5,N/A,6,45,AMD K10
AMD Athlon II X4 600e 2.2 GHz Quad-Core Processor,N/A,N/A,N/A,https://images-na.ssl-images-amazon.com/images/I/41PY7vNQlzL.jpg,45,AM3,DDR4,4,4,2.2,N/A,0,45,AMD K10
Intel Core i5-7400T 2.4 GHz Quad-Core Processor,N/A,N/A,N/A,https://cdna.pcpartpicker.com/static/forever/images/product/af30c4076a25b69d6f721172010cc0ec.256p.jpg,35,LGA 1151,DDR4,4,4,2.4,3,6,14,Intel Kaby Lake
Intel Core i3-8300 3.7 GHz Quad-Core Processor,N/A,N/A,N/A,https://cdna.pcpartpicker.com/static/forever/images/product/5c92fd399303b10e4c5ea8015ec47f39.256p.jpg,62,LGA 1151,DDR4,4,4,3.7,N/A,8,14,Intel Coffee Lake
Intel Core i3-9300 3.7 GHz Quad-Core OEM/Tray Processor,N/A,N/A,N/A,https://cdna.pcpartpicker.com/static/forever/images/product/f62f18577936ae8113c27a7a9c44a83e.256p.jpg,62,LGA 1151,DDR4,4,4,3.7,4.3,8,14,Intel Coffee Lake Refresh
Intel Core i7-980X Extreme Edition 3.33 GHz 6-Core Processor,5.0,153.6,https://www.amazon.com/dp/B003922WES?tag=pcpapi-20&linkCode=ogi&th=1&psc=1,https://images-na.ssl-images-amazon.com/images/I/51x9NA0dbpL.jpg,130,LGA 1366,DDR4,6,12,3.33,N/A,12,32,Intel Westmere
Intel Core i3-10105 3.7 GHz Quad-Core Processor,4.8,86.43,https://www.amazon.com/dp/B092ZGRHB5?tag=pcpapi-20&linkCode=ogi&th=1&psc=1,https://cdna.pcpartpicker.com/static/forever/images/product/104690dc90e6297964380eeb9204f524.256p.jpg,65,LGA 1200,DDR4,4,8,3.7,4.4,6,14,Intel Comet Lake
Intel Core i7-13700 2.1 GHz 16-Core Processor,4.7,319.9,https://www.amazon.com/dp/B0BQ6BNY56?tag=pcpapi-20&linkCode=ogi&th=1&psc=1,https://cdna.pcpartpicker.com/static/forever/images/product/e02f59843736d101374f75d18c244a30.256p.jpg,65,LGA 1700,DDR4,16,24,2.1,5.2,30,10,Intel Raptor Lake
AMD Athlon II X3 460 3.4 GHz Triple-Core Processor,N/A,N/A,N/A,https://images-na.ssl-images-amazon.com/images/I/41XjKO8AcqL.jpg,95,AM3,DDR4,3,3,3.4,N/A,0,45,AMD K10
AMD Phenom II X4 925 2.8 GHz Quad-Core Processor,N/A,N/A,N/A,https://m.media-amazon.com/images/I/51HWyPr66UL.jpg,95,AM3,DDR4,4,4,2.8,N/A,6,45,AMD K10
Intel Core i5-7400 3 GHz Quad-Core Processor,4.3,70.0,https://www.amazon.com/dp/B01MSTDS3N?tag=pcpapi-20&linkCode=ogi&th=1&psc=1,https://cdna.pcpartpicker.com/static/forever/images/product/0c2441d24af10b2aff285308b4e32d03.256p.jpg,65,LGA 1151,DDR4,4,4,3,3.5,6,14,Intel Kaby Lake
Intel Core i7-8700 3.2 GHz 6-Core OEM/Tray Processor,5.0,440.0,https://www.amazon.com/dp/B076BMW9L5?tag=pcpapi-20&linkCode=ogi&th=1&psc=1,https://cdna.pcpartpicker.com/static/forever/images/product/0fcd072945a17e488acd2e3e5592785e.256p.jpg,65,LGA 1151,DDR4,6,12,3.2,4.6,12,14,Intel Coffee Lake
Intel Core i5-9500T 2.2 GHz 6-Core OEM/Tray Processor,N/A,N/A,N/A,https://cdna.pcpartpicker.com/static/forever/images/product/f4137a480bf61e69b6d83e150a0afb01.256p.jpg,35,LGA 1151,DDR4,6,6,2.2,3.7,9,14,Intel Coffee Lake Refresh
AMD Athlon II X4 631 2.6 GHz Quad-Core Processor,N/A,N/A,N/A,https://cdna.pcpartpicker.com/static/forever/images/product/945a6af1d95431a9e19ea89901fac7d2.256p.jpg,100,FM1,DDR4,4,4,2.6,N/A,0,32,AMD Lynx
AMD Ryzen 5 2600X 3.6 GHz 6-Core Processor,4.8,175.0,https://www.amazon.com/dp/B07B428V2L?tag=pcpapi-20&linkCode=ogi&th=1&psc=1,https://cdna.pcpartpicker.com/static/forever/images/product/55aea2dd64e2e3a3e3b1d678048d8d76.256p.jpg,95,AM4,DDR4,6,12,3.6,4.2,15.99,12,AMD Zen+
Intel Core i7-7740X 4.3 GHz Quad-Core Processor,5.0,99.9,https://www.amazon.com/dp/B072KTRQ9G?tag=pcpapi-20&linkCode=ogi&th=1&psc=1,https://m.media-amazon.com/images/I/514q5szhFSL.jpg,112,LGA 2066,DDR4,4,8,4.3,4.5,8,14,Intel Kaby Lake
Intel Core i5-8600K 3.6 GHz 6-Core OEM/Tray Processor,N/A,N/A,N/A,https://cdna.pcpartpicker.com/static/forever/images/product/781c3da4b04a14f5556a6bc7ad7907de.256p.jpg,95,LGA 1151,DDR4,6,6,3.6,4.3,9,14,Intel Coffee Lake
Intel Core i7-9700T 2 GHz 8-Core OEM/Tray Processor,N/A,N/A,N/A,https://m.media-amazon.com/images/I/41gKojt3OHL.jpg,35,LGA 1151,DDR4,8,8,2,4.3,12,14,Intel Coffee Lake Refresh
Intel Core i5-10500 3.1 GHz 6-Core Processor,N/A,250.87,https://www.amazon.com/dp/B0883NPQSZ?tag=pcpapi-20&linkCode=ogi&th=1&psc=1,https://m.media-amazon.com/images/I/41F53BqjpJL.jpg,65,LGA 1200,DDR4,6,12,3.1,4.5,12,14,Intel Comet Lake
AMD Athlon II X2 270 3.4 GHz Dual-Core Processor,4.2,N/A,N/A,https://images-na.ssl-images-amazon.com/images/I/418v-XL-zjL.jpg,65,AM3,DDR4,2,2,3.4,N/A,0,45,AMD K10
AMD Athlon II X3 425 2.7 GHz Triple-Core OEM/Tray Processor,N/A,N/A,N/A,https://upload.wikimedia.org/wikipedia/commons/thumb/a/ac/No_image_available.svg/256px-No_image_available.jpg,95,AM3,DDR4,3,3,2.7,N/A,0,45,AMD K10
AMD Ryzen 3 2200G 3.5 GHz Quad-Core OEM/Tray Processor,N/A,N/A,N/A,https://upload.wikimedia.org/wikipedia/commons/thumb/a/ac/No_image_available.svg/256px-No_image_available.jpg,65,AM4,DDR4,4,4,3.5,3.7,4,14,AMD Zen
Intel Core i7-12700KF 3.6 GHz 12-Core Processor,4.9,199.0,https://www.amazon.com/dp/B09FXKHN7M?tag=pcpapi-20&linkCode=ogi&th=1&psc=1,https://cdna.pcpartpicker.com/static/forever/images/product/b69e4a2d3dd9f8fac9ed6bf1b631b0ce.256p.jpg,125,LGA 1700,DDR4,12,20,3.6,5,25,10,Intel Alder Lake
AMD Athlon II X2 215 2.7 GHz Dual-Core OEM/Tray Processor,N/A,N/A,N/A,https://upload.wikimedia.org/wikipedia/commons/thumb/a/ac/No_image_available.svg/256px-No_image_available.jpg,65,AM3,DDR4,2,2,2.7,N/A,0,45,AMD K10
AMD Phenom II X6 1100T Black 3.3 GHz 6-Core Processor,4.2,N/A,N/A,https://images-na.ssl-images-amazon.com/images/I/51Az8R3douL.jpg,125,AM3,DDR4,6,6,3.3,N/A,6,45,AMD K10
AMD Ryzen 3 2200G 3.5 GHz Quad-Core Processor,4.8,110.0,https://www.amazon.com/dp/B079D3DBNM?tag=pcpapi-20&linkCode=ogi&th=1&psc=1,https://cdna.pcpartpicker.com/static/forever/images/product/ad2e56d88c77de3053dcc5dada363f58.256p.jpg,65,AM4,DDR4,4,4,3.5,3.7,4,14,AMD Zen
AMD Ryzen 7 7700X 4.5 GHz 8-Core Processor,4.9,269.9,https://click.linksynergy.com/deeplink?id=8BacdVP0GFs&mid=44583&murl=https%3A%2F%2Fwww.newegg.com%2Famd-ryzen-7-7700x-ryzen-7-7000-series-raphael-zen-4-socket-am5%2Fp%2FN82E16819113768,https://cdna.pcpartpicker.com/static/forever/images/product/6d3fb7600f26fb1e94e8b0c1a99e0bfa.256p.jpg,105,AM5,DDR5,8,16,4.5,5.4,32,5,AMD Zen 4
Intel Core i7-8700 3.2 GHz 6-Core Processor,4.9,145.47,https://www.amazon.com/dp/B07598HLB4?tag=pcpapi-20&linkCode=ogi&th=1&psc=1,https://cdna.pcpartpicker.com/static/forever/images/product/f3ce94aa244dd18d676b1f63f20001cd.256p.jpg,65,LGA 1151,DDR4,6,12,3.2,4.6,12,14,Intel Coffee Lake
Intel Core i7-950 3.06 GHz Quad-Core Processor,4.6,88.99,https://www.amazon.com/dp/B002A6G3V2?tag=pcpapi-20&linkCode=ogi&th=1&psc=1,https://images-na.ssl-images-amazon.com/images/I/51EcAx9ZzML.jpg,130,LGA 1366,DDR4,4,8,3.06,N/A,8,45,Intel Nehalem
Intel Core i7-10700KF 3.8 GHz 8-Core Processor,4.9,212.0,https://www.amazon.com/dp/B0883NG13L?tag=pcpapi-20&linkCode=ogi&th=1&psc=1,https://cdna.pcpartpicker.com/static/forever/images/product/30a49f42fca8cbf7e1627bf13d37a6e7.256p.jpg,125,LGA 1200,DDR4,8,16,3.8,5.1,16,14,Intel Comet Lake
Intel Core i5-13600 2.7 GHz 14-Core Processor,N/A,N/A,N/A,https://upload.wikimedia.org/wikipedia/commons/thumb/a/ac/No_image_available.svg/256px-No_image_available.jpg,65,LGA 1700,DDR4,14,20,2.7,5,24,10,Intel Raptor Lake
AMD Athlon II X3 450 3.2 GHz Triple-Core Processor,4.7,N/A,N/A,https://images-na.ssl-images-amazon.com/images/I/41X5o7vcN-L.jpg,95,AM3,DDR4,3,3,3.2,N/A,0,45,AMD K10
AMD Athlon II X4 638 2.7 GHz Quad-Core OEM/Tray Processor,N/A,N/A,N/A,https://upload.wikimedia.org/wikipedia/commons/thumb/a/ac/No_image_available.svg/256px-No_image_available.jpg,65,FM1,DDR4,4,4,2.7,N/A,0,32,AMD Lynx
