name,rating,price,amazon_link,image_link,tdp,memory,effective memory clock,core clock,boost clock,length,case expansion slot width,external power
Asus DUAL GeForce GTX 1050 2 GB Video Card,4.5,N/A,N/A,https://cdna.pcpartpicker.com/static/forever/images/product/834658a3d45eed0f1c2cceac99b71362.256p.jpg,75,2GB GDDR5,7008,1404,1518,212,2,None
Gigabyte GAMING GeForce GTX 1050 2 GB Video Card,5.0,N/A,N/A,https://cdna.pcpartpicker.com/static/forever/images/product/d4f15c513568ddf4dc4c424d9a350185.256p.jpg,75,2GB GDDR5,7008,1417,1556,219,2,1x 6-pin
MSI GTX 1050 2G OC GeForce GTX 1050 2 GB Video Card,4.8,N/A,N/A,https://cdna.pcpartpicker.com/static/forever/images/product/d622ea150f25f44d91631a29c59f42a8.256p.jpg,75,2GB GDDR5,7000,1404,1518,177,2,None
Zotac MINI GeForce GTX 1050 2 GB Video Card,4.7,N/A,N/A,https://cdna.pcpartpicker.com/static/forever/images/product/a61c801559e694617535d2f01a83ba5c.256p.jpg,75,2GB GDDR5,7000,1354,1455,145,1,None
EVGA SC GAMING GeForce GTX 1050 2 GB Video Card,4.5,N/A,N/A,https://cdna.pcpartpicker.com/static/forever/images/product/08504d74ba6fda8164eab5e9fee0e325.256p.jpg,75,2GB GDDR5,7008,1417,1531,145,2,None
Palit StormX GeForce GTX 1050 2 GB Video Card,N/A,N/A,N/A,https://cdna.pcpartpicker.com/static/forever/images/product/2331837fc5e54eec97f66f7d87e043f3.256p.jpg,75,2GB GDDR5,7000,1354,1455,166,2,None
MSI GTX 1050 2GT OC GeForce GTX 1050 2 GB Video Card,5.0,N/A,N/A,https://m.media-amazon.com/images/I/51Vl579jOrL.jpg,75,2GB GDDR5,7008,1404,1518,215,2,None
Asus ROG STRIX GeForce GTX 1050 2 GB Video Card,5.0,N/A,N/A,https://m.media-amazon.com/images/I/51inyQObm2L.jpg,75,2GB GDDR5,7008,1442,1569,241,2,1x 6-pin
MSI GAMING X GeForce GTX 1050 2 GB Video Card,4.7,N/A,N/A,https://cdna.pcpartpicker.com/static/forever/images/product/9a4e6ab69372b92fc35d9d5590d7aadf.256p.jpg,75,2GB GDDR5,7108,1354,1556,229,2,None
Gigabyte D5 GeForce GTX 1050 2 GB Video Card,4.5,N/A,N/A,https://m.media-amazon.com/images/I/41P8R+qMDwL.jpg,75,2GB GDDR5,7008,1354,1493,172,2,None
Asus Phoenix OC GeForce GTX 1650 SUPER 4 GB Video Card,4.6,N/A,N/A,https://cdna.pcpartpicker.com/static/forever/images/product/8aa13da58437c92f9345df938c1a5e2f.256p.jpg,100,4GB GDDR6,12002,1530,1770,174,2,1x 6-pin
MSI D6 VENTUS XS GeForce GTX 1650 G6 4 GB Video Card,N/A,N/A,N/A,https://cdna.pcpartpicker.com/static/forever/images/product/ee4bd4f1ee8b26b50bc9e7251a0ecbac.256p.jpg,75,4GB GDDR6,12000,1410,1590,178,2,None
Asus TUF Gaming EVO OC GeForce GTX 1660 Ti 6 GB Video Card,4.0,399.0,https://www.amazon.com/dp/B09HL87KQM?tag=pcpapi-20&linkCode=ogi&th=1&psc=1,https://cdna.pcpartpicker.com/static/forever/images/product/f04d090f920f91c0e81c5bb4ca7fa11f.256p.jpg,120,6GB GDDR6,N/A,1500,1845,206,2,1x 8-pin
Asus STRIX GAMING GeForce GTX 1660 SUPER 6 GB Video Card,5.0,N/A,N/A,https://m.media-amazon.com/images/I/41AwzJvvRPL.jpg,125,6GB GDDR6,14002,1530,1815,243,2,1x 8-pin
Gigabyte AORUS GeForce GTX 1660 Ti 6 GB Video Card,N/A,N/A,N/A,https://cdna.pcpartpicker.com/static/forever/images/product/bccfafe3acaacb6c97b7c1e6810bf8f9.256p.jpg,120,6GB GDDR6,12000,1500,1890,280,2,1x 8-pin
GALAX EX GeForce GTX 1660 6 GB Video Card,N/A,N/A,N/A,https://cdna.pcpartpicker.com/static/forever/images/product/079221c1a7e0af8f70ae553ba99d7884.256p.jpg,130,6GB GDDR5,8000,1530,1845,245,2,1x 6-pin
PNY XLR8 Gaming Overclocked Edition GeForce GTX 1060 6GB 6 GB Video Card,4.7,N/A,N/A,https://m.media-amazon.com/images/I/51vW5Ty6bXL.jpg,120,6GB GDDR5,8000,1582,1797,173,2,1x 8-pin
EVGA GeForce RTX 2060 SC Ultra GAMING GeForce RTX 2060 6 GB Video Card,4.7,N/A,N/A,https://cdna.pcpartpicker.com/static/forever/images/product/ce6ead6bf41188e4a25e4d71e11035c1.256p.jpg,160,6GB GDDR6,14000,1365,1755,268,2,1x 8-pin
PNY Blower GeForce RTX 2060 6 GB Video Card,N/A,N/A,N/A,https://cdna.pcpartpicker.com/static/forever/images/product/0c1d23c30b29adbc8b9db769bd8a11fd.256p.jpg,160,6GB GDDR6,14000,1365,1680,267,2,1x 8-pin
Zotac MINI GeForce GTX 1070 Ti 8 GB Video Card,4.4,N/A,N/A,https://cdna.pcpartpicker.com/static/forever/images/product/c2e9831dcfa98e905e6ee07924135c71.256p.jpg,180,8GB GDDR5,8008,1607,1683,211,2,1x 8-pin
MSI GAMING Z GeForce GTX 1070 8 GB Video Card,5.0,N/A,N/A,https://cdna.pcpartpicker.com/static/forever/images/product/1e3b60b06d5cf778e7f0a991a5bda8c5.256p.jpg,150,8GB GDDR5,8108,1657,1860,279,2,1x 8-pin + 1x 6-pin
MSI QUICK SILVER GeForce GTX 1070 8 GB Video Card,N/A,N/A,N/A,https://cdna.pcpartpicker.com/static/forever/images/product/a8935cba3fd06ea973a8aa468ec9f0ab.256p.jpg,150,8GB GDDR5,8008,1506,1721,279,2,1x 8-pin + 1x 6-pin
MSI GAMING GeForce RTX 2060 SUPER 8 GB Video Card,4.0,N/A,N/A,https://cdna.pcpartpicker.com/static/forever/images/product/f3a93efd23ff104cce5d6916a00d547e.256p.jpg,175,8GB GDDR6,14000,1470,1650,248,2,1x 8-pin
Gigabyte GAMING GeForce GTX 1080 8 GB Video Card,4.7,499.0,https://www.amazon.com/dp/B01GJEE9BG?tag=pcpapi-20&linkCode=ogi&th=1&psc=1,https://m.media-amazon.com/images/I/41lXcLke4GL.jpg,180,8GB GDDR5X,10010,1721,1860,286,2,1x 8-pin
MSI AERO GeForce GTX 1080 8 GB Video Card,4.7,N/A,N/A,https://cdna.pcpartpicker.com/static/forever/images/product/d3fa5ad8cdf79615f7954d16bd9f1c13.256p.jpg,180,8GB GDDR5X,10010,1607,1733,269,2,1x 8-pin
GALAX HOF GeForce GTX 1080 8 GB Video Card,5.0,N/A,N/A,https://static/forever/img/no-image.png,180,8GB GDDR5X,10000,1733,1873,330,2,2x 8-pin
Asus STRIX GAMING OC GeForce RTX 2070 SUPER 8 GB Video Card,5.0,N/A,N/A,https://cdna.pcpartpicker.com/static/forever/images/product/8913a36122b96e87036df5b7d686a9a3.256p.jpg,215,8GB GDDR6,14000,1635,1935,300,2,2x 8-pin
Asus DUAL MINI OC GeForce RTX 2070 8 GB Video Card,4.4,N/A,N/A,https://m.media-amazon.com/images/I/41aA+kVRqRL.jpg,185,8GB GDDR6,14000,1410,1680,197,2,1x 8-pin
MSI GAMING Z TRIO GeForce RTX 2070 SUPER 8 GB Video Card,N/A,N/A,N/A,https://m.media-amazon.com/images/I/41N8JbY+khL.jpg,215,8GB GDDR6,15500,1605,1815,328,2,2x 8-pin
Asus DUAL EVO OC GeForce RTX 2080 SUPER 8 GB Video Card,4.5,N/A,N/A,https://cdna.pcpartpicker.com/static/forever/images/product/357158a5908fee531c6c62a7f938b952.256p.jpg,250,8GB GDDR6,15500,1650,1860,267,2,2x 8-pin
MSI GAMING TRIO GeForce RTX 2080 8 GB Video Card,5.0,N/A,N/A,https://cdna.pcpartpicker.com/static/forever/images/product/abced9af1928e503aa4eb528e9c211a2.256p.jpg,215,8GB GDDR6,7000,1515,1800,327,2,2x 8-pin
Gigabyte TURBO OC GeForce RTX 2080 8 GB Video Card,N/A,N/A,N/A,https://m.media-amazon.com/images/I/21yHSAPa9FL.jpg,215,8GB GDDR6,14000,1710,1785,272,2,1x 8-pin + 1x 6-pin
EVGA XC GAMING GeForce RTX 3050 8GB 8 GB Video Card,4.9,N/A,N/A,https://m.media-amazon.com/images/I/41-IBSRhnQL.jpg,130,8GB GDDR6,N/A,1550,1845,202,2,1x 8-pin
EVGA SC Black Edition GeForce GTX 1080 Ti 11 GB Video Card,4.9,585.0,https://www.amazon.com/dp/B06Y11DFZ3?tag=pcpapi-20&linkCode=ogi&th=1&psc=1,https://m.media-amazon.com/images/I/41-jqoOB9CL.jpg,250,11GB GDDR5X,11000,1556,1670,267,2,1x 8-pin + 1x 6-pin
EVGA DT GAMING GeForce GTX 1080 Ti 11 GB Video Card,5.0,699.0,https://www.amazon.com/dp/B0762Q49NV?tag=pcpapi-20&linkCode=ogi&th=1&psc=1,https://cdna.pcpartpicker.com/static/forever/images/product/2af90d44c14367d99e87e78b4443e498.256p.jpg,250,11GB GDDR5X,11016,1480,1582,300,2,2x 8-pin
Gigabyte WINDFORCE OC GeForce RTX 2080 Ti 11 GB Video Card,4.7,N/A,N/A,https://cdna.pcpartpicker.com/static/forever/images/product/adc0c78e8fca41d15023fffaa74dcc77.256p.jpg,250,11GB GDDR6,N/A,1350,N/A,281,2,2x 8-pin
Gainward Phoenix GeForce RTX 2080 Ti 11 GB Video Card,N/A,N/A,N/A,https://cdna.pcpartpicker.com/static/forever/images/product/e8d795b300ac15c95672e42db25c37e9.256p.jpg,250,11GB GDDR6,14000,1350,1545,292,2,2x 8-pin
Asus ROG STRIX GAMING OC V2 GeForce RTX 3060 12GB 12 GB Video Card,4.5,549.99,https://www.amazon.com/dp/B0985Z47C8?tag=pcpapi-20&linkCode=ogi&th=1&psc=1,https://cdna.pcpartpicker.com/static/forever/images/product/5875a01e874e3126556bcbe002f38b6b.256p.jpg,170,12GB GDDR6,15000,1320,1912,300,2,1x 8-pin
MSI VENTUS 3X OC GeForce RTX 4060 Ti 8 GB Video Card,4.5,404.9,https://www.amazon.com/dp/B0C5BBWWJP?tag=pcpapi-20&linkCode=ogi&th=1&psc=1,https://cdna.pcpartpicker.com/static/forever/images/product/0e5cd834fb02871a8d87034a87bb77fe.256p.jpg,160,8GB GDDR6,18000,2310,N/A,308,2,1x 8-pin
GALAX 1-Click OC 2X GeForce RTX 4060 8 GB Video Card,N/A,N/A,N/A,https://static/forever/img/no-image.png,115,8GB GDDR6,N/A,1830,2490,237,2,1x 8-pin
Gigabyte GAMING OC D6X GeForce RTX 3060 Ti 8 GB Video Card,5.0,N/A,N/A,https://cdna.pcpartpicker.com/static/forever/images/product/73cf95c8f1ccd5198fefe60444d48055.256p.jpg,200,8GB GDDR6X,19000,1410,1755,286,3,2x 8-pin
MSI VENTUS 2X 8GD6X OC GeForce RTX 3060 Ti 8 GB Video Card,N/A,359.9,https://msi.pxf.io/c/79301/1986809/23099?prodsku=1749&u=https%3A%2F%2Fus-store.msi.com%2FGraphics-Cards%2FNVIDIA-GPU%2FGeForce-RTX-3060-Ti-VENTUS-2X-8GD6X-OC&intsrc=CATF_16410,https://cdna.pcpartpicker.com/static/forever/images/product/573690ad027d5d35a799563498954a02.256p.jpg,225,8GB GDDR6X,19000,1410,1695,232,2,2x 8-pin
MSI GAMING Z TRIO GeForce RTX 3060 Ti LHR 8 GB Video Card,4.7,N/A,N/A,https://cdna.pcpartpicker.com/static/forever/images/product/59b96de88a9901c3fa996f0189b1c7d0.256p.jpg,240,8GB GDDR6,14000,1410,1845,323,2,2x 8-pin
Asus DUAL GeForce RTX 3060 8GB 8 GB Video Card,N/A,N/A,N/A,https://cdna.pcpartpicker.com/static/forever/images/product/0580149bb103d39fd0498994c47ed431.256p.jpg,170,8GB GDDR6,N/A,1320,1807,200,2,1x 8-pin
Zotac GAMING AMP Holo GeForce RTX 3070 LHR 8 GB Video Card,5.0,N/A,N/A,https://cdna.pcpartpicker.com/static/forever/images/product/d584b922277b83145ae93274ce7c8ca9.256p.jpg,240,8GB GDDR6,14000,1500,1785,291,2,2x 8-pin
Zotac GAMING Twin Edge OC GeForce RTX 3070 LHR 8 GB Video Card,4.5,549.0,https://www.amazon.com/dp/B097YY2NL2?tag=pcpapi-20&linkCode=ogi&th=1&psc=1,https://cdna.pcpartpicker.com/static/forever/images/product/0abc7c75589767934cf471a391bf3b35.256p.jpg,220,8GB GDDR6,14000,1500,1755,232,2,2x 8-pin
Inno3D iChill X3 GeForce RTX 3070 LHR 8 GB Video Card,N/A,N/A,N/A,https://cdna.pcpartpicker.com/static/forever/images/product/d712db630de89c34dc8c068f42cf83b0.256p.jpg,220,8GB GDDR6,14000,1500,1785,300,2,2x 8-pin
Inno3D Twin X2 OC GeForce RTX 3070 LHR 8 GB Video Card,2.0,N/A,N/A,https://cdna.pcpartpicker.com/static/forever/images/product/f619e1f2284e05bc9492a225a41cc497.256p.jpg,220,8GB GDDR6,14000,1500,1740,240,2,2x 8-pin
KFA2 EX Gamer GeForce RTX 3070 8 GB Video Card,N/A,N/A,N/A,https://static/forever/img/no-image.png,220,8GB GDDR6,14000,1500,1785,330,2,2x 8-pin
Asus ROG STRIX GAMING GeForce RTX 4070 Ti 12 GB Video Card,5.0,839.9,https://www.bhphotovideo.com/c/product/1740805-REG/asus_rog_strix_rtx4070ti_12g_gaming_geforce_rtx_4070_ti.html/BI/19488/KBID/11704,https://cdna.pcpartpicker.com/static/forever/images/product/765e8c05e061314d0a23508facb9ed4d.256p.jpg,285,12GB GDDR6X,N/A,2310,2640,336,2,1x 16-pin
Palit JetStream GeForce RTX 4070 12 GB Video Card,N/A,N/A,N/A,https://cdna.pcpartpicker.com/static/forever/images/product/02f14950e2a1a0175c09fe90b8f06922.256p.jpg,200,12GB GDDR6X,N/A,1920,2475,329,2,1x 8-pin
Gainward Phoenix GS GeForce RTX 4070 Ti 12 GB Video Card,N/A,N/A,N/A,https://m.media-amazon.com/images/I/41kyN1tERiL.jpg,285,12GB GDDR6X,N/A,2310,2775,329,2,1x 16-pin
Gigabyte EAGLE OC GeForce RTX 3080 10GB 10 GB Video Card,4.8,999.99,https://www.amazon.com/dp/B08HJS2JLJ?tag=pcpapi-20&linkCode=ogi&th=1&psc=1,https://cdna.pcpartpicker.com/static/forever/images/product/bad4b3ca219d1ffbfd8c50c96f9cbf74.256p.jpg,320,10GB GDDR6X,19000,1440,1755,320,2,2x 8-pin
PNY XLR8 Gaming UPRISING EPIC-X RGB GeForce RTX 3080 10GB LHR 10 GB Video Card,N/A,N/A,N/A,https://cdna.pcpartpicker.com/static/forever/images/product/0a2c3995c2f6d91181aa9d4b2a5abcc7.256p.jpg,320,10GB GDDR6X,19000,1440,1710,317,2,2x 8-pin
Asus TUF GAMING OC GeForce RTX 3080 12GB LHR 12 GB Video Card,4.7,999.0,https://www.amazon.com/dp/B09QH85MZ4?tag=pcpapi-20&linkCode=ogi&th=1&psc=1,https://cdna.pcpartpicker.com/static/forever/images/product/81f766f0f399155a3e7c0336a9c08852.256p.jpg,350,12GB GDDR6X,19000,1260,1815,300,2,2x 8-pin
Colorful iGame Vulcan OC-V GeForce RTX 3080 Ti 12 GB Video Card,5.0,N/A,N/A,https://static/forever/img/no-image.png,370,12GB GDDR6X,19000,1365,1710,323,2,3x 8-pin
EVGA FTW3 ULTRA GAMING GeForce RTX 3090 Ti 24 GB Video Card,4.5,2177.0,https://www.amazon.com/dp/B09W4SN2M7?tag=pcpapi-20&linkCode=ogi&th=1&psc=1,https://m.media-amazon.com/images/I/41Oi3oMgb+L.jpg,450,24GB GDDR6X,N/A,1560,1920,300,2,1x 16-pin
EVGA XC3 ULTRA HYBRID GAMING GeForce RTX 3090 24 GB Video Card,4.5,N/A,N/A,https://cdna.pcpartpicker.com/static/forever/images/product/f5eff8a38b4f6983a39f72aecaa18907.256p.jpg,350,24GB GDDR6X,19500,1395,1725,263,2,2x 8-pin
MSI SUPRIM SE GeForce RTX 3090 Ti 24 GB Video Card,N/A,N/A,N/A,https://static/forever/img/no-image.png,450,24GB GDDR6X,21000,1560,1875,338,3,1x 16-pin
Palit GameRock OC GeForce RTX 4080 16 GB Video Card,5.0,N/A,N/A,https://cdna.pcpartpicker.com/static/forever/images/product/54d4438474812d490975213a95201cc5.256p.jpg,340,16GB GDDR6X,22400,2205,2640,329,4,1x 16-pin
Zotac GAMING Trinity GeForce RTX 4090 24 GB Video Card,5.0,N/A,N/A,https://cdna.pcpartpicker.com/static/forever/images/product/3f6bd83e7cd8646ff0b5bcda5373b4d0.256p.jpg,450,24GB GDDR6X,N/A,2235,2520,356,2,1x 16-pin
Gigabyte D6 LP Radeon RX 6400 4 GB Video Card,N/A,N/A,N/A,https://cdna.pcpartpicker.com/static/forever/images/product/bc540aa95497d5bfd00eef67fd6e4e92.256p.jpg,53,4GB GDDR6,N/A,1923,N/A,182,2,None
Gigabyte GAMING OC Radeon RX 5500 XT 4 GB Video Card,5.0,469.0,https://www.amazon.com/dp/B082BY3MRL?tag=pcpapi-20&linkCode=ogi&th=1&psc=1,https://cdna.pcpartpicker.com/static/forever/images/product/c2b1d6f43b2c8358dd336f2b33dbc50f.256p.jpg,130,4GB GDDR6,14000,1685,1845,281,2,1x 8-pin
PowerColor Red Dragon Radeon RX 5600 XT 6 GB Video Card,4.3,N/A,N/A,https://cdna.pcpartpicker.com/static/forever/images/product/a27f1ae13f87cb0b3a46e15b4f94f303.256p.jpg,150,6GB GDDR6,14000,1247,1620,240,2,1x 8-pin
MSI Radeon RX 6600 MECH 2X 8G Radeon RX 6600 8 GB Video Card,4.8,239.9,https://click.linksynergy.com/deeplink?id=8BacdVP0GFs&mid=24348&murl=https%3A%2F%2Fwww.gamestop.com%2Fpc-gaming%2Fpc-components%2Fgraphics-cards%2Fproducts%2Fmsi-amd-radeon-rx-6600-mech-2x-8g-8gb-gddr6-pci-express-4.0-gaming-graphics-card%2F334521.html,https://cdna.pcpartpicker.com/static/forever/images/product/de7225d83465d909752ae5f50e9d3d36.256p.jpg,132,8GB GDDR6,N/A,1626,2491,235,2,1x 8-pin
PowerColor Hellhound Radeon RX 7600 8 GB Video Card,N/A,289.9,https://www.amazon.com/dp/B0C48LM7NN?tag=pcpapi-20&linkCode=ogi&th=1&psc=1,https://cdna.pcpartpicker.com/static/forever/images/product/1910f3fd2eca156b6d8079ce0429ae47.256p.jpg,165,8GB GDDR6,18000,1720,2655,234,2,1x 8-pin
Sapphire NITRO+ Radeon RX 580 8 GB Video Card,4.7,459.0,https://www.amazon.com/dp/B071QX74F9?tag=pcpapi-20&linkCode=ogi&th=1&psc=1,https://cdna.pcpartpicker.com/static/forever/images/product/c38a9fc97e8d679660e86a2c2aa756ce.256p.jpg,225,8GB GDDR5,8000,1257,1411,260,2,1x 8-pin + 1x 6-pin
MSI GAMING Radeon RX 580 8 GB Video Card,N/A,N/A,N/A,https://m.media-amazon.com/images/I/4174hWxjj6L.jpg,185,8GB GDDR5,8000,1257,1366,276,2,1x 8-pin
ASRock Challenger D OC Radeon RX 5700 XT 8 GB Video Card,3.8,179.0,https://www.amazon.com/dp/B07X48NZGC?tag=pcpapi-20&linkCode=ogi&th=1&psc=1,https://images-eu.ssl-images-amazon.com/images/I/41DaJyYiMiL.jpg,225,8GB GDDR6,14000,1650,1905,281,2,2x 8-pin
Sapphire 21293-01-40G Radeon RX 5700 XT 8 GB Video Card,4.7,N/A,N/A,https://cdna.pcpartpicker.com/static/forever/images/product/e4adb87f7371afb8d5858785fe1c2517.256p.jpg,225,8GB GDDR6,14000,1605,1905,272,2,1x 8-pin + 1x 6-pin
ASRock RX5700 Phantom Gaming D 8G OC Radeon RX 5700 8 GB Video Card,N/A,N/A,N/A,https://cdna.pcpartpicker.com/static/forever/images/product/18e96427d246f0d75f614bc265597452.256p.jpg,180,8GB GDDR6,14000,1610,1750,287,2,2x 8-pin
MSI GAMING X Radeon RX 6700 XT 12 GB Video Card,4.8,737.48,https://www.amazon.com/dp/B08Z72P3R9?tag=pcpapi-20&linkCode=ogi&th=1&psc=1,https://cdna.pcpartpicker.com/static/forever/images/product/1469397331619aaea2468a234dc673ab.256p.jpg,230,12GB GDDR6,16000,2321,N/A,279,2,2x 8-pin
Gigabyte Radeon RX VEGA 64 Watercooling Radeon RX VEGA 64 8 GB Video Card,5.0,N/A,N/A,https://cdna.pcpartpicker.com/static/forever/images/product/c4f063d2db1a49ae272a0af00813a982.256p.jpg,345,8GB HBM2,1900,1406,1677,283,2,2x 8-pin
PowerColor Red Dragon OC Radeon RX 6800 XT 16 GB Video Card,4.8,798.0,https://www.amazon.com/dp/B08V1WK4LB?tag=pcpapi-20&linkCode=ogi&th=1&psc=1,https://cdna.pcpartpicker.com/static/forever/images/product/4fb6a9ff7a0a8bc989b227ee35e426fe.256p.jpg,300,16GB GDDR6,16000,1825,2310,310,2,2x 8-pin
XFX RX-68XTACBD9 Radeon RX 6800 XT 16 GB Video Card,5.0,N/A,N/A,https://cdna.pcpartpicker.com/static/forever/images/product/3e206e23ca20d7b4405e9a6d377c058b.256p.jpg,300,16GB GDDR6,16000,1925,2360,340,2,2x 8-pin
Sapphire Toxic Radeon RX 6900 XT 16 GB Video Card,5.0,N/A,N/A,https://cdna.pcpartpicker.com/static/forever/images/product/9b8031bbb44b1cd5f863907715b2b160.256p.jpg,300,16GB GDDR6,16000,1825,2500,320,2,2x 8-pin + 1x 6-pin
Sapphire 21323-01-20G Radeon RX 7900 XT 20 GB Video Card,5.0,N/A,N/A,https://m.media-amazon.com/images/I/318lhCdFeML.jpg,308,20GB GDDR6,N/A,2000,2400,276,2,2x 8-pin
Asus TUF GAMING Radeon RX 7900 XTX 24 GB Video Card,N/A,1179.9,https://www.bhphotovideo.com/c/product/1749186-REG/asus_tuf_rx7900xtx_24g_gaming_tuf_gaming_radeon_rx.html/BI/19488/KBID/11704,https://cdna.pcpartpicker.com/static/forever/images/product/5f8e5a8d9cb2fdbd6b624df80c038309.256p.jpg,355,24GB GDDR6,N/A,2300,N/A,353,2,3x 8-pin
EVGA BLACK GAMING GeForce GTX 1660 6 GB Video Card,4.0,N/A,N/A,https://m.media-amazon.com/images/I/51RZP8cwk1L.jpg,120,6GB GDDR5,8000,1530,1785,190,2,1x 6-pin
Asus DUAL GeForce GTX 1660 Ti 6 GB Video Card,N/A,N/A,N/A,https://cdna.pcpartpicker.com/static/forever/images/product/fe696984c296cd1dca06c2c47ae5dcaa.256p.jpg,120,6GB GDDR6,12002,1500,1800,215,2,1x 8-pin
Gigabyte WINDFORCE OC GeForce GTX 1060 6GB 6 GB Video Card,4.8,299.0,https://www.amazon.com/dp/B01JNUO6BG?tag=pcpapi-20&linkCode=ogi&th=1&psc=1,https://cdna.pcpartpicker.com/static/forever/images/product/0aca755c291537adfe863b9048eac4f1.256p.jpg,120,6GB GDDR5,8008,1582,1797,223,2,1x 6-pin
Gigabyte GAMING GeForce GTX 1060 6GB 6 GB Video Card,5.0,359.0,https://www.amazon.com/dp/B01N0P24HI?tag=pcpapi-20&linkCode=ogi&th=1&psc=1,https://cdna.pcpartpicker.com/static/forever/images/product/150244dbd8ac2c88ffd99d5d3cc20d64.256p.jpg,120,6GB GDDR5,8008,1506,1847,278,2,1x 8-pin
Asus STRIX GAMING OC GeForce RTX 2060 6 GB Video Card,4.9,549.0,https://www.amazon.com/dp/B07MLTTDXS?tag=pcpapi-20&linkCode=ogi&th=1&psc=1,https://cdna.pcpartpicker.com/static/forever/images/product/45266c1a035b022def39fb568de554f7.256p.jpg,160,6GB GDDR6,14000,1365,1860,300,2,1x 8-pin + 1x 6-pin
Gigabyte GAMING OC PRO GeForce RTX 2060 6 GB Video Card,5.0,N/A,N/A,https://cdna.pcpartpicker.com/static/forever/images/product/a85f33401d41280354b2552a89b0cbef.256p.jpg,160,6GB GDDR6,14000,1680,1830,280,2,1x 8-pin
Asus ROG STRIX GeForce GTX 1070 Ti 8 GB Video Card,4.7,599.0,https://www.amazon.com/dp/B076RCTXGX?tag=pcpapi-20&linkCode=ogi&th=1&psc=1,https://m.media-amazon.com/images/I/515jAee9GsL.jpg,180,8GB GDDR5,8008,1607,1759,298,2,1x 8-pin
Palit Super JetStream GeForce GTX 1070 8 GB Video Card,5.0,N/A,N/A,https://cdna.pcpartpicker.com/static/forever/images/product/96cc304d3154c96bfeeb1ffb24bc618c.256p.jpg,170,8GB GDDR5X,8000,1632,1835,285,2,1x 8-pin
KFA2 EX GeForce GTX 1070 Ti 8 GB Video Card,N/A,N/A,N/A,https://cdna.pcpartpicker.com/static/forever/images/product/49d7e6587e70e8edb59264bd1a865da0.256p.jpg,180,8GB GDDR5,8000,1607,1683,267,2,1x 8-pin
MSI VENTUS GP OC GeForce RTX 2060 SUPER 8 GB Video Card,4.3,N/A,N/A,https://m.media-amazon.com/images/I/41p1yNz5zoL.jpg,175,8GB GDDR6,14000,1470,1665,232,2,1x 8-pin
KFA2 EX GeForce RTX 2060 SUPER 8 GB Video Card,N/A,N/A,N/A,https://cdna.pcpartpicker.com/static/forever/images/product/702ff937fc96b9bae6c3cce6bc89cf59.256p.jpg,175,8GB GDDR6,14000,1470,1665,295,2,1x 8-pin + 1x 6-pin
EVGA HYBRID GAMING GeForce GTX 1080 8 GB Video Card,4.8,N/A,N/A,https://cdna.pcpartpicker.com/static/forever/images/product/a079f20a50dd3e6d6804b4f9bb2da051.256p.jpg,180,8GB GDDR5X,10000,1708,1847,267,2,1x 8-pin
Palit GameRock Premium GeForce GTX 1080 8 GB Video Card,N/A,N/A,N/A,https://m.media-amazon.com/images/I/41Jme73sKAL.jpg,200,8GB GDDR5X,10500,1746,1885,285,2,1x 8-pin + 1x 6-pin
MSI GAMING X TRIO GeForce RTX 2070 SUPER 8 GB Video Card,4.9,N/A,N/A,https://cdna.pcpartpicker.com/static/forever/images/product/ca23ff3065e60b6a75ef9443e25b2a31.256p.jpg,215,8GB GDDR6,14000,1605,1800,328,2,2x 8-pin
EVGA XC HYBRID GAMING GeForce RTX 2070 SUPER 8 GB Video Card,5.0,N/A,N/A,https://cdna.pcpartpicker.com/static/forever/images/product/0bddb9ff358ee9cabb5b434e28d71cb0.256p.jpg,215,8GB GDDR6,14000,1605,1800,266,2,1x 8-pin + 1x 6-pin
PNY Dual GeForce RTX 2070 SUPER 8 GB Video Card,N/A,N/A,N/A,https://m.media-amazon.com/images/I/417WeRT-mfL.jpg,215,8GB GDDR6,N/A,1605,1770,235,2,1x 8-pin + 1x 6-pin
EVGA XC ULTRA GAMING GeForce RTX 2080 SUPER 8 GB Video Card,4.9,N/A,N/A,https://cdna.pcpartpicker.com/static/forever/images/product/35d512b4c49ca04a4ceb73b9b53111c1.256p.jpg,250,8GB GDDR6,15500,1650,1845,270,3,1x 8-pin + 1x 6-pin
Asus STRIX GAMING GeForce RTX 2080 8 GB Video Card,5.0,N/A,N/A,https://cdna.pcpartpicker.com/static/forever/images/product/d15b18b5b4b518256c4b8003672424c7.256p.jpg,215,8GB GDDR6,N/A,1515,N/A,300,2,2x 8-pin
Palit GameRock GeForce RTX 2080 SUPER 8 GB Video Card,5.0,N/A,N/A,https://cdna.pcpartpicker.com/static/forever/images/product/88b78aec6d699172887e048b4a791cbc.256p.jpg,250,8GB GDDR6,15500,1650,1815,292,2,2x 8-pin
MSI VENTUS 2X OC GeForce RTX 3050 8GB 8 GB Video Card,4.2,219.9,https://msi.pxf.io/c/79301/1986809/23099?prodsku=1435&u=https%3A%2F%2Fus-store.msi.com%2FGraphics-Cards%2FNVIDIA-GPU%2FGeForce-RTX-30-Series%2FGeForce-RTX-3050-VENTUS-2X-8G-OC&intsrc=CATF_16410,https://m.media-amazon.com/images/I/51vR8AmgpbL.jpg,130,8GB GDDR6,N/A,1550,N/A,235,2,1x 8-pin
Gainward Pegasus GeForce RTX 3050 8GB 8 GB Video Card,N/A,N/A,N/A,https://static/forever/img/no-image.png,130,8GB GDDR6,N/A,1550,1777,170,2,1x 8-pin
Asus Founders Edition GeForce GTX 1080 Ti 11 GB Video Card,4.8,2628.31,https://www.amazon.com/dp/B06XGDB71J?tag=pcpapi-20&linkCode=ogi&th=1&psc=1,https://m.media-amazon.com/images/I/411zit4CthL.jpg,250,11GB GDDR5X,11010,1480,1582,267,2,1x 8-pin + 1x 6-pin
EVGA XC ULTRA GAMING GeForce RTX 2080 Ti 11 GB Video Card,4.8,1079.0,https://www.amazon.com/dp/B07GHW9VJZ?tag=pcpapi-20&linkCode=ogi&th=1&psc=1,https://cdna.pcpartpicker.com/static/forever/images/product/999152f83633f6574fb24c8fa6717937.256p.jpg,250,11GB GDDR6,14000,1350,1650,270,3,2x 8-pin
EVGA GAMING GeForce RTX 2080 Ti 11 GB Video Card,N/A,N/A,N/A,https://cdna.pcpartpicker.com/static/forever/images/product/03524d3eecccc31527c359f9de79d9c7.256p.jpg,250,11GB GDDR6,14000,1350,1545,266,2,2x 8-pin
Gigabyte EAGLE OC Rev 2.0 GeForce RTX 3060 12GB 12 GB Video Card,5.0,N/A,N/A,https://cdna.pcpartpicker.com/static/forever/images/product/20f2e11eabbca0c2bc0740a93ccc16f2.256p.jpg,170,12GB GDDR6,15000,1320,1807,242,2,1x 8-pin
Asus DUAL V2 GeForce RTX 3060 12GB 12 GB Video Card,4.0,N/A,N/A,https://cdna.pcpartpicker.com/static/forever/images/product/a6cfb4e58daecb7b49fb19b0f5268a56.256p.jpg,170,12GB GDDR6,15000,1320,1807,200,2,1x 8-pin
Palit StormX OC GeForce RTX 4060 Ti 8 GB Video Card,N/A,N/A,N/A,https://cdna.pcpartpicker.com/static/forever/images/product/cfb5494d251b2addd37e4c4d4c04981e.256p.jpg,160,8GB GDDR6,18000,2310,2670,170,2,1x 8-pin
Gigabyte EAGLE OC GeForce RTX 3060 Ti 8 GB Video Card,5.0,N/A,N/A,https://cdna.pcpartpicker.com/static/forever/images/product/ac8d50da2c39968954aaa1049f2a1d31.256p.jpg,200,8GB GDDR6X,19000,1665,1680,282,2,2x 8-pin
Asus TUF GAMING GeForce RTX 3060 Ti 8 GB Video Card,N/A,N/A,N/A,https://cdna.pcpartpicker.com/static/forever/images/product/c9714f6dbbedaf6db55e09b813da8374.256p.jpg,200,8GB GDDR6,14000,1410,1695,301,2,1x 8-pin
MSI VENTUS 3X OC GeForce RTX 3070 Ti 8 GB Video Card,4.8,589.99,https://www.amazon.com/dp/B096HQC9Y5?tag=pcpapi-20&linkCode=ogi&th=1&psc=1,https://m.media-amazon.com/images/I/41oGp2NgDgS.jpg,290,8GB GDDR6X,19000,1575,1800,316,2,2x 8-pin
Asus TUF GAMING GeForce RTX 3070 Ti 8 GB Video Card,4.0,699.0,https://www.amazon.com/dp/B0981VN5TY?tag=pcpapi-20&linkCode=ogi&th=1&psc=1,https://cdna.pcpartpicker.com/static/forever/images/product/03aa69ca543ecd826b3981f282ed1226.256p.jpg,290,8GB GDDR6X,19000,1575,1800,300,2,2x 8-pin
EVGA XC3 BLACK GAMING GeForce RTX 3070 LHR 8 GB Video Card,N/A,449.51,https://www.amazon.com/dp/B099LZYKXF?tag=pcpapi-20&linkCode=ogi&th=1&psc=1,https://cdna.pcpartpicker.com/static/forever/images/product/47bc85207988a6def8453eb16dc6531d.256p.jpg,220,8GB GDDR6,N/A,1500,1725,285,2,2x 8-pin
Inno3D iChill X4 GeForce RTX 3070 LHR 8 GB Video Card,N/A,N/A,N/A,https://m.media-amazon.com/images/I/41sDxFU0WnL.jpg,220,8GB GDDR6,14000,1500,1785,300,2,2x 8-pin
Asus ProArt Advanced GeForce RTX 4060 Ti 16 GB Video Card,N/A,N/A,N/A,https://cdna.pcpartpicker.com/static/forever/images/product/0bfed873be9b68ca2dd25e3e8e76a62f.256p.jpg,165,16GB GDDR6,N/A,2310,2580,300,2,1x 8-pin
Inno3D Twin X2 GeForce RTX 4070 12 GB Video Card,4.2,747.08,https://www.amazon.com/dp/B0C28SL7G2?tag=pcpapi-20&linkCode=ogi&th=1&psc=1,https://cdna.pcpartpicker.com/static/forever/images/product/9c78fb55e35bafe078904b68e79ebb08.256p.jpg,200,12GB GDDR6X,N/A,1920,2475,250,2,1x 8-pin
Inno3D TWIN X2 OC WHITE GeForce RTX 4070 12 GB Video Card,N/A,N/A,N/A,https://m.media-amazon.com/images/I/41sdChHEpJL.jpg,200,12GB GDDR6X,N/A,1920,2505,250,2,1x 8-pin
MSI VENTUS 3X PLUS OC GeForce RTX 3080 10GB LHR 10 GB Video Card,5.0,721.41,https://www.amazon.com/dp/B09FSWGS7L?tag=pcpapi-20&linkCode=ogi&th=1&psc=1,https://cdna.pcpartpicker.com/static/forever/images/product/b4c1da032bd8b99e3c828a9f2726b264.256p.jpg,320,10GB GDDR6X,19000,1440,1740,305,2,2x 8-pin
Gigabyte AORUS XTREME WATERFORCE GeForce RTX 3080 10GB 10 GB Video Card,5.0,1879.0,https://www.amazon.com/dp/B083GSKZSW?tag=pcpapi-20&linkCode=ogi&th=1&psc=1,https://cdna.pcpartpicker.com/static/forever/images/product/2c9982da3107309fa1bc97347b797591.256p.jpg,320,10GB GDDR6X,19000,1440,1845,252,2,2x 8-pin
Inno3D X3 OC GeForce RTX 3080 10GB LHR 10 GB Video Card,N/A,N/A,N/A,https://m.media-amazon.com/images/I/31CGZDzq1xL.jpg,320,10GB GDDR6X,19000,1440,1725,300,2,2x 8-pin
MSI SUPRIM X GeForce RTX 3080 Ti 12 GB Video Card,4.5,N/A,N/A,https://m.media-amazon.com/images/I/51Uu56c3rSS.jpg,400,12GB GDDR6X,19000,1365,1845,336,2,3x 8-pin
MSI VENTUS 3X PLUS GeForce RTX 3080 12GB LHR 12 GB Video Card,N/A,N/A,N/A,https://cdna.pcpartpicker.com/static/forever/images/product/23bf667dbb8affead918141f26a7256c.256p.jpg,350,12GB GDDR6X,N/A,1260,1710,305,2,2x 8-pin
MSI GeForce RTX 3090 GAMING X TRIO 24G GeForce RTX 3090 24 GB Video Card,4.8,1099.9,https://msi.pxf.io/c/79301/1986809/23099?prodsku=533&u=https%3A%2F%2Fus-store.msi.com%2FGraphics-Cards%2FNVIDIA-GPU%2FGeForce-RTX-30-Series%2FGeForce-RTX-3090-Gaming-X-Trio-24G&intsrc=CATF_16410,https://cdna.pcpartpicker.com/static/forever/images/product/040a47c05260e04543aa712b56c462de.256p.jpg,350,24GB GDDR6X,N/A,1395,N/A,335,2,3x 8-pin
Gigabyte AORUS MASTER GeForce RTX 3090 24 GB Video Card,N/A,N/A,N/A,https://cdna.pcpartpicker.com/static/forever/images/product/143e696ff6d08f49eeefc25aeac25f04.256p.jpg,350,24GB GDDR6X,19500,1395,1785,319,2,2x 8-pin
NVIDIA Founders Edition GeForce RTX 4080 16 GB Video Card,4.6,949.99,https://api.bestbuy.com/click/-/6521431/pdp?IPID=79301,https://m.media-amazon.com/images/I/414goNzSLaL.jpg,320,16GB GDDR6X,N/A,2210,2510,304,3,1x 16-pin
KFA2 SG (1-Click OC) GeForce RTX 4080 16 GB Video Card,N/A,N/A,N/A,https://cdna.pcpartpicker.com/static/forever/images/product/6e06e0e9b63df7a0a15409a1976c92a3.256p.jpg,320,16GB GDDR6X,22400,2205,2580,352,4,1x 16-pin
PNY XLR8 Gaming VERTO EPIC-X RGB GeForce RTX 4090 24 GB Video Card,4.8,1669.9,https://click.linksynergy.com/deeplink?id=8BacdVP0GFs&mid=44583&murl=https%3A%2F%2Fwww.newegg.com%2Fpny-geforce-rtx-4090-vcg409024tfxxpb1%2Fp%2FN82E16814133841,https://cdna.pcpartpicker.com/static/forever/images/product/fa955f05ffecdfd0aaf4aeb8a11ccc80.256p.jpg,450,24GB GDDR6X,N/A,2230,2520,332,3,1x 16-pin
Sapphire PULSE Radeon RX 6500 XT 4 GB Video Card,5.0,219.33,https://www.amazon.com/dp/B09PZJ2JNZ?tag=pcpapi-20&linkCode=ogi&th=1&psc=1,https://m.media-amazon.com/images/I/31LqqK-v6nL.jpg,130,4GB GDDR6,18000,2310,2825,194,2,1x 6-pin
MSI Radeon RX 5500 XT GAMING 4G Radeon RX 5500 XT 4 GB Video Card,N/A,N/A,N/A,https://static/forever/img/no-image.png,140,4GB GDDR6,14000,1647,1845,247,2,1x 8-pin
MSI GAMING X Radeon RX 5600 XT 6 GB Video Card,4.6,N/A,N/A,https://cdna.pcpartpicker.com/static/forever/images/product/43c82c4eced4b715ab4826414507a7e0.256p.jpg,150,6GB GDDR6,12000,1235,1620,297,2,2x 8-pin
XFX Speedster QICK 308 Black Radeon RX 6600 XT 8 GB Video Card,5.0,630.7,https://www.amazon.com/dp/B09B46MZ3T?tag=pcpapi-20&linkCode=ogi&th=1&psc=1,https://cdna.pcpartpicker.com/static/forever/images/product/15000ca8684fd21b7e39ce2310d5ef45.256p.jpg,160,8GB GDDR6,16000,2188,2607,274,2,1x 8-pin
XFX Speedster QICK 308 ULTRA Radeon RX 6650 XT 8 GB Video Card,5.0,N/A,N/A,https://m.media-amazon.com/images/I/31m3R3Wp7eL.jpg,180,8GB GDDR6,N/A,2055,2689,274,2,1x 8-pin
Asus ROG STRIX Radeon RX 580 8 GB Video Card,4.8,394.99,https://www.amazon.com/dp/B071D8YQJD?tag=pcpapi-20&linkCode=ogi&th=1&psc=1,https://cdna.pcpartpicker.com/static/forever/images/product/df222de96a42c41cafb6c9a9d54cba45.256p.jpg,185,8GB GDDR5,8000,1257,1380,298,2,1x 8-pin
XFX FATBOY  Radeon RX 590 8 GB Video Card,N/A,N/A,N/A,https://cdna.pcpartpicker.com/static/forever/images/product/8f49c4d4ffe2d7cbba2b7c12e61177cf.256p.jpg,225,8GB GDDR5,8000,1469,1580,270,2,1x 8-pin + 1x 6-pin
MSI MECH OC Radeon RX 5700 XT 8 GB Video Card,4.3,N/A,N/A,https://images-eu.ssl-images-amazon.com/images/I/51hWfU2q8tL.jpg,225,8GB GDDR6,14000,1670,1925,232,2,1x 8-pin + 1x 6-pin
HIS HS-57XR8SSBR Radeon RX 5700 XT 8 GB Video Card,N/A,N/A,N/A,https://cdna.pcpartpicker.com/static/forever/images/product/eb5fe160741d9085216fcf39580c885e.256p.jpg,225,8GB GDDR6,1400,1605,1905,272,2,1x 8-pin + 1x 6-pin
PowerColor Hellhound Spectral Radeon RX 6700 XT 12 GB Video Card,4.3,1300.16,https://www.amazon.com/dp/B094MM9X6S?tag=pcpapi-20&linkCode=ogi&th=1&psc=1,https://m.media-amazon.com/images/I/31Y5ETapA-S.jpg,230,12GB GDDR6,16000,2321,2581,305,2,2x 8-pin
HIS HS-VEGR8DSNR Radeon RX VEGA 64 8 GB Video Card,N/A,N/A,N/A,https://static/forever/img/no-image.png,345,8GB HBM2,1890,1406,1677,283,2,2x 8-pin
XFX Speedster SWFT 319 Radeon RX 6800 XT 16 GB Video Card,5.0,N/A,N/A,https://cdna.pcpartpicker.com/static/forever/images/product/8ee45d80334635868e6d33bec929e078.256p.jpg,300,16GB GDDR6,16000,1825,2250,340,2,2x 8-pin
Sapphire TOXIC Limited Edition Radeon RX 6900 XT 16 GB Video Card,N/A,1337.0,https://www.amazon.com/dp/B097LFWDCX?tag=pcpapi-20&linkCode=ogi&th=1&psc=1,https://cdna.pcpartpicker.com/static/forever/images/product/d7b812c13e701918185c0e697f28abf4.256p.jpg,400,16GB GDDR6,N/A,1825,2600,270,2,2x 8-pin + 1x 6-pin
MSI GAMING TRIO CLASSIC Radeon RX 7900 XT 20 GB Video Card,4.5,949.9,https://adorama.rfvk.net/c/79301/1175784/1036?prodsku=MSIR79XGT20G&u=https%3A%2F%2Fwww.adorama.com%2Fmsir79xgt20g.html&intsrc=CATF_9102,https://cdna.pcpartpicker.com/static/forever/images/product/386f40b4aa9d48b0a78d35554a5a18e6.256p.jpg,315,20GB GDDR6,N/A,2000,2400,325,2,3x 8-pin
Sapphire NITRO+ Radeon RX 7900 XT 20 GB Video Card,5.0,940.15,https://www.amazon.com/dp/B0BR6KLPDW?tag=pcpapi-20&linkCode=ogi&th=1&psc=1,https://cdna.pcpartpicker.com/static/forever/images/product/1b41fcfe00ec646e4da94a3c85414a85.256p.jpg,368,20GB GDDR6,N/A,2000,2560,320,3,3x 8-pin
AMD 100-300000069 Radeon RX 7900 XTX 24 GB Video Card,N/A,N/A,N/A,https://static/forever/img/no-image.png,355,24GB GDDR6X,N/A,2300,2500,287,2,2x 8-pin
Gigabyte OC GeForce GTX 1050 2 GB Video Card,5.0,199.0,https://www.amazon.com/dp/B01MG0733A?tag=pcpapi-20&linkCode=ogi&th=1&psc=1,https://m.media-amazon.com/images/I/41YH5E9+i0L.jpg,75,2GB GDDR5,7008,1379,1518,191,2,None
Gigabyte GV-N105TOC-4GD GeForce GTX 1050 Ti 4 GB Video Card,4.9,408.9,https://www.amazon.com/dp/B01M25X363?tag=pcpapi-20&linkCode=ogi&th=1&psc=1,https://cdna.pcpartpicker.com/static/forever/images/product/6a3571bd1f0174ddd7ecb8485728662b.256p.jpg,75,4GB GDDR5,7008,1341,1455,191,2,None
Inno3D Compact GeForce GTX 1650 G5 4 GB Video Card,N/A,N/A,N/A,https://images-eu.ssl-images-amazon.com/images/I/51PNzlf5UKL.jpg,75,4GB GDDR5,8000,1485,1665,160,2,None
Palit StormX OC GeForce GTX 1660 Ti 6 GB Video Card,N/A,N/A,N/A,https://cdna.pcpartpicker.com/static/forever/images/product/5210584698d1b22cdc54d85db5e45b35.256p.jpg,120,6GB GDDR6,12000,1500,1815,168,2,1x 8-pin
EVGA KO ULTRA GAMING GeForce RTX 2060 6 GB Video Card,4.6,290.0,https://www.amazon.com/dp/B083GGYNQ6?tag=pcpapi-20&linkCode=ogi&th=1&psc=1,https://cdna.pcpartpicker.com/static/forever/images/product/932e869ee03855291c9d97907dd1832d.256p.jpg,160,6GB GDDR6,14000,1365,1755,202,2,1x 8-pin
GALAX EX White GeForce RTX 2060 6 GB Video Card,N/A,N/A,N/A,https://cdna.pcpartpicker.com/static/forever/images/product/698bdc84107c7a5fad7c22d62ceb60d1.256p.jpg,160,6GB GDDR6,14000,1365,1725,245,2,1x 8-pin
EVGA SC GAMING ACX 3.0 Black Edition GeForce GTX 1070 8 GB Video Card,4.9,N/A,N/A,https://cdna.pcpartpicker.com/static/forever/images/product/ef6b9749cb49e7393c49c420302ac3cb.256p.jpg,170,8GB GDDR5,8008,1594,1784,267,2,1x 8-pin
Gigabyte WINDFORCE 3X GeForce GTX 1070 8 GB Video Card,N/A,N/A,N/A,https://cdna.pcpartpicker.com/static/forever/images/product/2d924c1c0e5e0541791e52261b62278f.256p.jpg,150,8GB GDDR5,8008,1506,1721,280,2,1x 8-pin
PNY VCGGTX10708XPB-OC-BB GeForce GTX 1070 8 GB Video Card,5.0,N/A,N/A,https://m.media-amazon.com/images/I/31bk8mjVE2L.jpg,150,8GB GDDR5,8000,1518,1708,267,2,1x 8-pin
KFA2 Virtual Edition GeForce GTX 1070 8 GB Video Card,N/A,N/A,N/A,https://cdna.pcpartpicker.com/static/forever/images/product/47b9d17c416a2143f4542dd5da1ab628.256p.jpg,150,8GB GDDR5,8000,1506,1683,N/A,2,1x 8-pin
MSI ARMOR OC GeForce RTX 2060 SUPER 8 GB Video Card,5.0,N/A,N/A,https://cdna.pcpartpicker.com/static/forever/images/product/8d2e786e50f9b7f0625660f5b561c528.256p.jpg,175,8GB GDDR6,14000,1470,1680,250,2,1x 8-pin
MSI SEA HAWK X GeForce GTX 1080 8 GB Video Card,4.8,N/A,N/A,https://cdna.pcpartpicker.com/static/forever/images/product/fee95a8758d92a037872436c7f93a0e9.256p.jpg,180,8GB GDDR5X,10108,1708,1847,270,2,1x 8-pin
Gainward Phoenix GeForce GTX 1080 8 GB Video Card,N/A,N/A,N/A,https://cdna.pcpartpicker.com/static/forever/images/product/6651a817973f4c5c970f74716b6f36a0.256p.jpg,180,8GB GDDR5X,10000,1607,1733,285,2,1x 8-pin + 1x 6-pin
MSI GAMING X GeForce RTX 2070 SUPER 8 GB Video Card,4.8,999.99,https://www.amazon.com/dp/B07YXPVBWW?tag=pcpapi-20&linkCode=ogi&th=1&psc=1,https://cdna.pcpartpicker.com/static/forever/images/product/9f64610e3f0198f94dd6443bc84e6e8f.256p.jpg,215,8GB GDDR6,14000,1605,1800,297,2,1x 8-pin + 1x 6-pin
Zotac AMP Extreme GeForce RTX 2070 8 GB Video Card,4.8,N/A,N/A,https://m.media-amazon.com/images/I/31G4tEOZA1L.jpg,185,8GB GDDR6,14400,1410,1860,308,2,1x 8-pin + 1x 6-pin
EVGA FTW3 ULTRA+ GeForce RTX 2070 SUPER 8 GB Video Card,5.0,N/A,N/A,https://cdna.pcpartpicker.com/static/forever/images/product/20707b793606449ad58d2e05792739f8.256p.jpg,215,8GB GDDR6,15500,1605,1815,302,3,2x 8-pin
Inno3D JET GeForce RTX 2070 SUPER 8 GB Video Card,N/A,N/A,N/A,https://cdna.pcpartpicker.com/static/forever/images/product/7302af091cf7fa0a9765a924bce71a8e.256p.jpg,215,8GB GDDR6,14000,1605,1770,268,2,1x 8-pin + 1x 6-pin
MSI GAMING TRIO GeForce RTX 2080 SUPER 8 GB Video Card,N/A,N/A,N/A,https://cdna.pcpartpicker.com/static/forever/images/product/abced9af1928e503aa4eb528e9c211a2.256p.jpg,250,8GB GDDR6,15500,1650,1815,328,2,2x 8-pin
Zotac Blower GeForce RTX 2080 8 GB Video Card,N/A,N/A,N/A,https://cdna.pcpartpicker.com/static/forever/images/product/35e4bce0dd967471b8ad77c55528b09b.256p.jpg,215,8GB GDDR6,N/A,1515,1710,268,2,1x 8-pin + 1x 6-pin
Gainward Phoenix GeForce RTX 2080 8 GB Video Card,4.0,N/A,N/A,https://cdna.pcpartpicker.com/static/forever/images/product/19192e72c72c202a1e2868f1ec243065.256p.jpg,215,8GB GDDR6,14000,1515,1710,292,2,1x 8-pin + 1x 6-pin
Gainward Ghost GeForce RTX 3050 8GB 8 GB Video Card,N/A,N/A,N/A,https://cdna.pcpartpicker.com/static/forever/images/product/f205e9b8b2ae5cb3d49c9522d5317553.256p.jpg,130,8GB GDDR6,N/A,1550,1777,245,2,1x 8-pin
Gigabyte GV-N108TGAMINGOC BLACK-11GD GeForce GTX 1080 Ti 11 GB Video Card,4.7,599.0,https://www.amazon.com/dp/B074PL43GQ?tag=pcpapi-20&linkCode=ogi&th=1&psc=1,https://cdna.pcpartpicker.com/static/forever/images/product/0dcc3075c155a3a75d02331cda9309ab.256p.jpg,250,11GB GDDR5X,11010,1544,1657,280,2,1x 8-pin + 1x 6-pin
Asus STRIX AC ORIGINS GeForce GTX 1080 Ti 11 GB Video Card,N/A,N/A,N/A,https://cdna.pcpartpicker.com/static/forever/images/product/41b72246669bd8f1701cf9a0c264ccf8.256p.jpg,250,11GB GDDR5X,11100,1594,1708,298,2,2x 8-pin
MSI GeForce RTX 2080 Ti LIGHTNING Z GeForce RTX 2080 Ti 11 GB Video Card,N/A,N/A,N/A,https://cdna.pcpartpicker.com/static/forever/images/product/5f5291c034ccfb2f8f889c8304aeeca0.256p.jpg,300,11GB GDDR6,14000,1350,1770,328,2,3x 8-pin
EVGA XC GAMING GeForce RTX 2060 12 GB Video Card,4.0,449.0,https://www.amazon.com/dp/B09NQ99NSR?tag=pcpapi-20&linkCode=ogi&th=1&psc=1,https://m.media-amazon.com/images/I/41JttgPjEOL.jpg,185,12GB GDDR6,14000,1365,1680,268,2,1x 8-pin
Inno3D AX Gaming X2W GeForce RTX 3060 12GB 12 GB Video Card,N/A,N/A,N/A,https://cdna.pcpartpicker.com/static/forever/images/product/fa89795409ca17e1f719d05e86155b72.256p.jpg,170,12GB GDDR6,N/A,1320,1777,229,2,1x 8-pin
MSI GAMING X GeForce RTX 4060 Ti 8 GB Video Card,4.5,419.9,https://click.linksynergy.com/deeplink?id=8BacdVP0GFs&mid=44583&murl=https%3A%2F%2Fwww.newegg.com%2Fmsi-rtx-4060-ti-gaming-x-8g-nvidia-geforce-rtx-4060-ti-8gb-gddr6%2Fp%2FN82E16814137797,https://cdna.pcpartpicker.com/static/forever/images/product/91379205090d9a0120f58b3bf2248d42.256p.jpg,160,8GB GDDR6,18000,2310,N/A,247,2,1x 8-pin
Inno3D Twin X2 OC GeForce RTX 4060 8 GB Video Card,N/A,N/A,N/A,https://cdna.pcpartpicker.com/static/forever/images/product/73ef7a7bc129cb99e0eb3e5c8f7612e7.256p.jpg,115,8GB GDDR6,N/A,1830,2490,250,2,1x 8-pin
Asus ROG STRIX GAMING OC V2 GeForce RTX 3060 Ti LHR 8 GB Video Card,4.5,499.99,https://www.amazon.com/dp/B09CC2TXG9?tag=pcpapi-20&linkCode=ogi&th=1&psc=1,https://cdna.pcpartpicker.com/static/forever/images/product/2a68f4c0042a271492dbc6f4a23b3b89.256p.jpg,200,8GB GDDR6,14000,1410,1890,318,2,2x 8-pin
PNY UPRISING GeForce RTX 3060 Ti 8 GB Video Card,N/A,640.9,https://adorama.rfvk.net/c/79301/1175784/1036?prodsku=PNVCG8DFMPB&u=https%3A%2F%2Fwww.adorama.com%2Fpnvcg8dfmpb.html&intsrc=CATF_9102,https://cdna.pcpartpicker.com/static/forever/images/product/cc01279fd806bdaef108882ee7e2c24a.256p.jpg,200,8GB GDDR6,14000,1410,1665,251,2,1x 8-pin
EVGA XC BLACK GAMING GeForce RTX 3060 Ti 8 GB Video Card,N/A,N/A,N/A,https://static/forever/img/no-image.png,200,8GB GDDR6,14000,1410,1665,202,2,1x 8-pin
Gigabyte Vision OC GeForce RTX 3070 8 GB Video Card,4.9,N/A,N/A,https://m.media-amazon.com/images/I/41D-YkcTJBS.jpg,220,8GB GDDR6,14000,1500,1815,286,2,1x 8-pin + 1x 6-pin
Zotac Twin Edge OC GeForce RTX 3070 8 GB Video Card,5.0,N/A,N/A,https://cdna.pcpartpicker.com/static/forever/images/product/0abc7c75589767934cf471a391bf3b35.256p.jpg,220,8GB GDDR6,14000,1500,1755,232,2,2x 8-pin
Gigabyte EAGLE Rev 2.0 GeForce RTX 3070 LHR 8 GB Video Card,N/A,N/A,N/A,https://cdna.pcpartpicker.com/static/forever/images/product/e74766d41825a0b58749e1dea2c60f22.256p.jpg,220,8GB GDDR6,14000,1500,1725,282,2,1x 8-pin + 1x 6-pin
GALAX (1-click OC) GeForce RTX 3070 LHR 8 GB Video Card,N/A,N/A,N/A,https://static/forever/img/no-image.png,220,8GB GDDR6,14000,1500,1740,254,2,2x 8-pin
MSI VENTUS 3X OC GeForce RTX 4070 Ti 12 GB Video Card,4.6,739.9,https://msi.pxf.io/c/79301/1986809/23099?prodsku=1570&u=https%3A%2F%2Fus-store.msi.com%2FGraphics-Cards%2FNVIDIA-GPU%2FGeForce-RTX-4070-Ti-VENTUS-3X-12G-OC&intsrc=CATF_16410,https://m.media-amazon.com/images/I/418KXdyPSdL.jpg,285,12GB GDDR6X,N/A,2310,2655,308,2,1x 16-pin
PNY XLR8 Gaming VERTO EPIC-X RGB GeForce RTX 4070 12 GB Video Card,N/A,499.0,https://goto.walmart.com/c/79301/568844/9383?veh=aff&sourceid=imp_000011112222333344&u=https%3A%2F%2Fwww.walmart.com%2Fip%2F1396859462,https://m.media-amazon.com/images/I/414Hmf7LFVL.jpg,200,12GB GDDR6X,N/A,1920,2475,305,2,1x 8-pin
GALAX EX Gamer Pink GeForce RTX 4070 12 GB Video Card,N/A,N/A,N/A,https://static/forever/img/no-image.png,200,12GB GDDR6X,N/A,1920,2550,323,2,1x 8-pin
MSI GeForce RTX 3080 VENTUS 3X 10G OC GeForce RTX 3080 10GB 10 GB Video Card,4.9,799.0,https://www.amazon.com/dp/B08HR5SXPS?tag=pcpapi-20&linkCode=ogi&th=1&psc=1,https://cdna.pcpartpicker.com/static/forever/images/product/b4c1da032bd8b99e3c828a9f2726b264.256p.jpg,320,10GB GDDR6X,N/A,1440,N/A,305,2,2x 8-pin
Asus ROG STRIX WHITE OC V2 GeForce RTX 3080 10GB LHR 10 GB Video Card,N/A,N/A,N/A,https://cdna.pcpartpicker.com/static/forever/images/product/571db55a22fe134a43422fa8835ff75a.256p.jpg,320,10GB GDDR6X,19000,1440,1740,318,2,3x 8-pin
Zotac AMP Extreme Holo GeForce RTX 3080 Ti 12 GB Video Card,N/A,1039.0,https://www.amazon.com/dp/B09KVLCW4W?tag=pcpapi-20&linkCode=ogi&th=1&psc=1,https://m.media-amazon.com/images/I/31QNt4LGrML.jpg,400,12GB GDDR6X,N/A,1365,1785,356,2,3x 8-pin
Gigabyte AORUS MASTER GeForce RTX 3080 12GB LHR 12 GB Video Card,5.0,2145.75,https://www.amazon.com/dp/B09SBQCX14?tag=pcpapi-20&linkCode=ogi&th=1&psc=1,https://m.media-amazon.com/images/I/41H6MPbWh4L.jpg,350,12GB GDDR6X,19000,1260,1830,319,2,3x 8-pin
GALAX SG (1-Click OC) GeForce RTX 3080 12GB LHR 12 GB Video Card,N/A,N/A,N/A,https://static/forever/img/no-image.png,350,12GB GDDR6X,N/A,1260,1755,317,2,2x 8-pin
Gigabyte GAMING OC GeForce RTX 3090 24 GB Video Card,4.8,1429.99,https://www.amazon.com/dp/B08HJRF2CN?tag=pcpapi-20&linkCode=ogi&th=1&psc=1,https://cdna.pcpartpicker.com/static/forever/images/product/e974ec8aee2499a0e03956c459a36e3d.256p.jpg,350,24GB GDDR6X,19500,1395,1755,320,2,2x 8-pin
Asus ROG STRIX GUNDAM EDITION GeForce RTX 3090 24 GB Video Card,N/A,N/A,N/A,https://static/forever/img/no-image.png,350,24GB GDDR6X,19500,1395,1890,318,3,3x 8-pin
Asus TUF GAMING OC GeForce RTX 4080 16 GB Video Card,5.0,1289.0,https://www.amazon.com/dp/B0BLGQHS53?tag=pcpapi-20&linkCode=ogi&th=1&psc=1,https://cdna.pcpartpicker.com/static/forever/images/product/dd49ee66863b7b02f3edff445066ff35.256p.jpg,320,16GB GDDR6X,22400,2205,2625,348,2,1x 16-pin
GALAX ST (1-Click OC) GeForce RTX 4080 16 GB Video Card,N/A,N/A,N/A,https://static/forever/img/no-image.png,320,16GB GDDR6X,N/A,2205,2520,352,4,1x 16-pin
KFA2 ST V2 (1-Click OC) GeForce RTX 4090 24 GB Video Card,N/A,N/A,N/A,https://cdna.pcpartpicker.com/static/forever/images/product/9d55e665014c019fe9ac6c2978d68d11.256p.jpg,450,24GB GDDR6X,21000,2235,2535,352,4,1x 16-pin
MSI ARMOR OC Radeon RX 580 4 GB Video Card,4.7,349.99,https://www.amazon.com/dp/B06XZZ93FQ?tag=pcpapi-20&linkCode=ogi&th=1&psc=1,https://m.media-amazon.com/images/I/51gsD1e2deL.jpg,185,4GB GDDR5,7000,1257,1366,269,2,1x 8-pin
ASRock Challenger D OC Radeon RX 5500 XT 8 GB Video Card,4.5,N/A,N/A,https://cdna.pcpartpicker.com/static/forever/images/product/1e6ad93fd3922109f95a4227ee558771.256p.jpg,130,8GB GDDR6,14000,1685,1845,241,2,1x 8-pin
MSI MECH Radeon RX 5600 XT 6 GB Video Card,N/A,N/A,N/A,https://cdna.pcpartpicker.com/static/forever/images/product/a21fa8a56f1fb4e36dc93b9d75bfc51b.256p.jpg,150,6GB GDDR6,12000,1130,1560,231,2,1x 8-pin
MSI Radeon RX 6600 XT MECH 2X 8G OCV1 Radeon RX 6600 XT 8 GB Video Card,N/A,299.0,https://www.amazon.com/dp/B09MRRFWT2?tag=pcpapi-20&linkCode=ogi&th=1&psc=1,https://cdna.pcpartpicker.com/static/forever/images/product/59ad0e463c3f8c0cbb26128a67b82290.256p.jpg,160,8GB GDDR6,N/A,1968,2602,215,2,1x 8-pin
Asus ROG STRIX GAMING OC V2 Radeon RX 6650 XT 8 GB Video Card,5.0,N/A,N/A,https://cdna.pcpartpicker.com/static/forever/images/product/c676d9e47074ba051eaa888248e6466b.256p.jpg,180,8GB GDDR6,N/A,2055,2694,243,2,1x 8-pin
PowerColor AXRX 580 8GBD5-3DHDV2/OC Radeon RX 580 8 GB Video Card,4.3,N/A,N/A,https://images-fe.ssl-images-amazon.com/images/I/41EP-IZBBmL.jpg,185,8GB GDDR5,8000,1257,1350,255,2,1x 8-pin
VisionTek OC Limited Edition Radeon RX 590 8 GB Video Card,N/A,N/A,N/A,https://cdna.pcpartpicker.com/static/forever/images/product/e57a5cd3bca08d13ef3bd1b9d99461a1.256p.jpg,225,8GB GDDR5,8000,1469,1600,270,2,1x 8-pin + 1x 6-pin
Asus TUF Gaming X3 EVO OC Radeon RX 5700 XT 8 GB Video Card,5.0,N/A,N/A,https://cdna.pcpartpicker.com/static/forever/images/product/366429d9c111a7cdc7ead53c59268bcb.256p.jpg,225,8GB GDDR6,14000,1605,1980,283,2,1x 8-pin + 1x 6-pin
ASRock Radeon RX 5700 XT 8G Radeon RX 5700 XT 8 GB Video Card,5.0,N/A,N/A,https://images-eu.ssl-images-amazon.com/images/I/41DaJyYiMiL.jpg,225,8GB GDDR6,14000,1605,1905,285,2,1x 8-pin + 1x 6-pin
ASRock Challenger D OC Radeon RX 6700 XT 12 GB Video Card,4.8,N/A,N/A,https://cdna.pcpartpicker.com/static/forever/images/product/243c3627b1a8e6bb1dae7727a0885b11.256p.jpg,230,12GB GDDR6,N/A,2330,2615,269,2,2x 8-pin
Asus AREZ STRIX OC Edition Radeon RX VEGA 64 8 GB Video Card,4.6,N/A,N/A,https://cdna.pcpartpicker.com/static/forever/images/product/d412ac436dfeb8e866bb9ad04f3490ce.256p.jpg,295,8GB HBM2,945,1247,1590,298,2,2x 8-pin
MSI MECH 2X OC Radeon RX 6750 XT 12 GB Video Card,4.2,379.9,https://msi.pxf.io/c/79301/1986809/23099?prodsku=1272&u=https%3A%2F%2Fus-store.msi.com%2FRadeon-RX-6750-XT-Mech-2X-12G-OC&intsrc=CATF_16410,https://cdna.pcpartpicker.com/static/forever/images/product/6802f9b8a00e475459081f54a2c645ab.256p.jpg,250,12GB GDDR6,N/A,2150,2618,249,2,2x 8-pin
AMD 100-438378 Radeon RX 6800 16 GB Video Card,4.6,N/A,N/A,https://static/forever/img/no-image.png,250,16GB GDDR6,16000,1700,2105,267,2,2x 8-pin
PowerColor Red Devil Ultimate Radeon RX 6900 XT 16 GB Video Card,4.8,1499.99,https://www.amazon.com/dp/B09258PCFS?tag=pcpapi-20&linkCode=ogi&th=1&psc=1,https://cdna.pcpartpicker.com/static/forever/images/product/ba06bf8b8851b8161570303ab40b8e38.256p.jpg,300,16GB GDDR6,16000,1825,2425,320,2,3x 8-pin
Asus TUF GAMING OC Radeon RX 6950 XT 16 GB Video Card,4.0,N/A,N/A,https://cdna.pcpartpicker.com/static/forever/images/product/9e9f1ce688bab35c2e5aff1451bc7ca0.256p.jpg,335,16GB GDDR6,N/A,1890,2324,320,2,2x 8-pin
PowerColor Hellhound Spectral Radeon RX 7900 XTX 24 GB Video Card,4.5,999.9,https://www.amazon.com/dp/B0C1Z7HG27?tag=pcpapi-20&linkCode=ogi&th=1&psc=1,https://cdna.pcpartpicker.com/static/forever/images/product/2edd7d3c1c0e9b8b1da58242a223816f.256p.jpg,355,24GB GDDR6,20000,2300,2525,338,3,2x 8-pin
Zotac ZT-P10500E-10L GeForce GTX 1050 2 GB Video Card,N/A,N/A,N/A,https://cdna.pcpartpicker.com/static/forever/images/product/624f354efe45d660776719fa0a4aaecc.256p.jpg,75,2GB GDDR5,7000,1354,1455,160,2,None
Zotac AMP GeForce GTX 1060 3GB 3 GB Video Card,N/A,N/A,N/A,https://cdna.pcpartpicker.com/static/forever/images/product/0ab90a5887488b67bfd8d8b2eac73d7e.256p.jpg,120,3GB GDDR5,8000,1582,1797,206,2,1x 6-pin
Asus GTX1050TI-O4G-LP-BRK GeForce GTX 1050 Ti 4 GB Video Card,N/A,N/A,N/A,https://cdna.pcpartpicker.com/static/forever/images/product/adfb1170410955d87e27f17e03edf6b2.256p.jpg,75,4GB GDDR5,7008,1303,1442,182,2,None
EVGA SC ULTRA GAMING GeForce GTX 1650 G5 4 GB Video Card,4.8,264.99,https://www.amazon.com/dp/B07RT744F8?tag=pcpapi-20&linkCode=ogi&th=1&psc=1,https://cdna.pcpartpicker.com/static/forever/images/product/b8c6ad04f311499b2d31a3dd1cab943f.256p.jpg,75,4GB GDDR5,8000,1485,1860,202,2,1x 6-pin
Asus Phoenix EVO GeForce GTX 1650 G6 4 GB Video Card,N/A,N/A,N/A,https://cdna.pcpartpicker.com/static/forever/images/product/2feb76ecb6bf4e41d4906ae844296e98.256p.jpg,75,4GB GDDR6,N/A,1410,1620,197,2,1x 6-pin
MSI VENTUS XS OC GeForce GTX 1660 Ti 6 GB Video Card,4.6,224.46,https://www.amazon.com/dp/B07N824KNV?tag=pcpapi-20&linkCode=ogi&th=1&psc=1,https://m.media-amazon.com/images/I/51Lasfm+JYL.jpg,120,6GB GDDR6,12000,1500,1830,204,2,1x 8-pin
Inno3D Twin X2 GeForce GTX 1660 Ti 6 GB Video Card,4.0,N/A,N/A,https://images-eu.ssl-images-amazon.com/images/I/51zP3mQy4FL.jpg,120,6GB GDDR6,12000,1500,1770,196,2,1x 8-pin
MSI VENTUS XS OC GeForce RTX 2060 6 GB Video Card,4.2,549.99,https://www.amazon.com/dp/B07PBLD2MX?tag=pcpapi-20&linkCode=ogi&th=1&psc=1,https://cdna.pcpartpicker.com/static/forever/images/product/e47a05a8ceae045058cbe69993577f74.256p.jpg,160,6GB GDDR6,14000,1365,1710,205,2,1x 8-pin
PNY XLR8 Gaming Overclocked Edition GeForce RTX 2060 6 GB Video Card,5.0,N/A,N/A,https://images-eu.ssl-images-amazon.com/images/I/412DLYfPbVL.jpg,160,6GB GDDR6,14000,1365,1725,168,2,1x 8-pin
Zotac AMP GeForce GTX 1070 8 GB Video Card,4.8,N/A,N/A,https://images-na.ssl-images-amazon.com/images/I/41lUaRDSFYL.jpg,220,8GB GDDR5,8000,1607,1797,300,2,2x 8-pin
Palit Dual GeForce GTX 1070 8 GB Video Card,4.0,N/A,N/A,https://cdna.pcpartpicker.com/static/forever/images/product/98d90098815154f46310eb67a9d85c2b.256p.jpg,150,8GB GDDR5,8000,1506,1683,252,2,1x 8-pin
Gainward Founders Edition GeForce GTX 1070 8 GB Video Card,N/A,N/A,N/A,https://cdna.pcpartpicker.com/static/forever/images/product/fced954a33a623b679434cf3b6a456ad.256p.jpg,150,8GB GDDR5,8000,1506,1683,267,2,1x 8-pin
be quiet! Pure Loop 280 Liquid CPU Cooler,4.2,115.8,https://click.linksynergy.com/deeplink?id=8BacdVP0GFs&mid=44583&murl=https%3A%2F%2Fwww.newegg.com%2Fbe-quiet-pure-loop-280mm%2Fp%2F2YM-0069-00003%3Fitem%3D9SIA68VBZU7732,null,N/A,N/A N/A,N/A,N/A,N/A,N/A,N/A,N/A
MSI ARMOR OC GeForce GTX 1080 8 GB Video Card,4.8,598.0,https://www.amazon.com/dp/B01GXOWUDQ?tag=pcpapi-20&linkCode=ogi&th=1&psc=1,https://m.media-amazon.com/images/I/4121D0bF7+L.jpg,180,8GB GDDR5X,10010,1657,1797,279,2,1x 8-pin + 1x 6-pin
Gigabyte Founders Edition GeForce GTX 1080 8 GB Video Card,5.0,N/A,N/A,https://cdna.pcpartpicker.com/static/forever/images/product/fa3b772de5af62a0f5a61e8cbc529abf.256p.jpg,180,8GB GDDR5X,10000,1607,1733,267,2,1x 8-pin
Inno3D iChill GeForce GTX 1080 8 GB Video Card,N/A,N/A,N/A,https://cdna.pcpartpicker.com/static/forever/images/product/443908f48d86dfda2bcdf5e4b1e484e3.256p.jpg,180,8GB GDDR5X,10400,1733,1873,303,2,1x 8-pin + 1x 6-pin
Gigabyte WINDFORCE 2X GeForce RTX 2070 8 GB Video Card,4.5,N/A,N/A,https://m.media-amazon.com/images/I/41+IypPhKJL.jpg,185,8GB GDDR6,14000,1410,1620,265,2,1x 8-pin
Palit GameRock GeForce RTX 2070 SUPER 8 GB Video Card,N/A,N/A,N/A,https://cdna.pcpartpicker.com/static/forever/images/product/4d15c17b77eb642aa879ed8fccd9ef00.256p.jpg,215,8GB GDDR6,14000,1605,1770,292,2,2x 8-pin
Asus Turbo EVO GeForce RTX 2080 SUPER 8 GB Video Card,4.0,N/A,N/A,https://cdna.pcpartpicker.com/static/forever/images/product/b8508e5709d311d1005fc4d9fcfde1a1.256p.jpg,250,8GB GDDR6,15500,1650,1845,268,2,2x 8-pin
Gigabyte TURBO GeForce RTX 2080 SUPER 8 GB Video Card,5.0,N/A,N/A,https://cdna.pcpartpicker.com/static/forever/images/product/ba4a156b5dd628448bd48274cb234dc4.256p.jpg,250,8GB GDDR6,15500,1650,1815,272,2,1x 8-pin + 1x 6-pin
Inno3D JET GeForce RTX 2080 SUPER 8 GB Video Card,N/A,N/A,N/A,https://cdna.pcpartpicker.com/static/forever/images/product/bc6f9a961f3eb8d7644dffd7beb4ccf2.256p.jpg,250,8GB GDDR6,15500,1650,1815,268,2,1x 8-pin + 1x 6-pin
MSI GAMING GeForce RTX 3050 8GB 8 GB Video Card,N/A,N/A,N/A,https://cdna.pcpartpicker.com/static/forever/images/product/4f4bc8d4a81ce3a39e4ea4d2c5d174b2.256p.jpg,130,8GB GDDR6,N/A,1550,N/A,278,2,1x 8-pin
EVGA Gaming iCX GeForce GTX 1080 Ti 11 GB Video Card,4.9,999.9,https://www.amazon.com/dp/B06Y15DWXR?tag=pcpapi-20&linkCode=ogi&th=1&psc=1,https://cdna.pcpartpicker.com/static/forever/images/product/9f0a144768655270f103f3f371ab38f6.256p.jpg,250,11GB GDDR5X,11016,1569,1683,300,2,2x 8-pin
Palit Founders Edition GeForce GTX 1080 Ti 11 GB Video Card,5.0,N/A,N/A,https://cdna.pcpartpicker.com/static/forever/images/product/7b123ab0c0d0be5e036bc3ed9bdb743a.256p.jpg,250,11GB GDDR5X,11010,1480,1582,267,2,1x 8-pin + 1x 6-pin
Asus DUAL OC GeForce RTX 2080 Ti 11 GB Video Card,5.0,N/A,N/A,https://cdna.pcpartpicker.com/static/forever/images/product/ac258e91ab290647c5ddd3b682e4c3b1.256p.jpg,250,11GB GDDR6,N/A,1350,N/A,268,2,2x 8-pin
Palit X GeForce RTX 2080 Ti 11 GB Video Card,N/A,N/A,N/A,https://cdna.pcpartpicker.com/static/forever/images/product/dadd16ccfc224e830f82c7720198707c.256p.jpg,250,11GB GDDR6,14000,1350,1545,269,2,2x 8-pin
MSI GAMING X TRIO GeForce RTX 3060 12GB 12 GB Video Card,4.7,549.99,https://www.amazon.com/dp/B08WT47L8B?tag=pcpapi-20&linkCode=ogi&th=1&psc=1,https://cdna.pcpartpicker.com/static/forever/images/product/797faba950c125abd8f813880abd0368.256p.jpg,170,12GB GDDR6,15000,1320,1852,323,2,2x 8-pin
Zotac GAMING Twin Edge GeForce RTX 4060 Ti 8 GB Video Card,5.0,379.9,https://click.linksynergy.com/deeplink?id=8BacdVP0GFs&mid=44583&murl=https%3A%2F%2Fwww.newegg.com%2Fzotac-twin-edge-zt-d40610e-10m-nvidia-geforce-rtx-4060-ti-8gb-gddr6%2Fp%2FN82E16814500555,https://cdna.pcpartpicker.com/static/forever/images/product/7949762678f2ef135902f16710c29af5.256p.jpg,160,8GB GDDR6,18000,2310,2535,226,2,1x 8-pin
MSI VENTUS 2X BLACK GeForce RTX 4060 Ti 8 GB Video Card,N/A,N/A,N/A,https://cdna.pcpartpicker.com/static/forever/images/product/5b5c51ea79dd931c96313196613b5123.256p.jpg,160,8GB GDDR6,18000,2310,N/A,199,2,1x 8-pin
Gigabyte WINDFORCE OC GeForce RTX 3060 Ti LHR 8 GB Video Card,N/A,N/A,N/A,https://cdna.pcpartpicker.com/static/forever/images/product/5f55b039f807585a3e511c65fecda8e1.256p.jpg,200,8GB GDDR6,14000,1665,1680,198,2,1x 8-pin
Gigabyte GAMING OC PRO Rev 3.0 GeForce RTX 3060 Ti LHR 8 GB Video Card,5.0,422.87,https://www.amazon.com/dp/B098PJNWKD?tag=pcpapi-20&linkCode=ogi&th=1&psc=1,https://m.media-amazon.com/images/I/41u39BtEipS.jpg,200,8GB GDDR6,14000,1410,1770,281,2,1x 8-pin + 1x 6-pin
Palit GamingPro OC GeForce RTX 3060 Ti LHR 8 GB Video Card,N/A,N/A,N/A,https://m.media-amazon.com/images/I/41oPXFgqrcL.jpg,240,8GB GDDR6,14000,1410,1800,294,2,2x 8-pin
Asus DUAL GeForce RTX 3070 8 GB Video Card,5.0,N/A,N/A,https://cdna.pcpartpicker.com/static/forever/images/product/142f29a6ab0ce2019863d6bf22a64ace.256p.jpg,220,8GB GDDR6,14000,1500,1755,267,2,2x 8-pin
MSI GAMING TRIO GeForce RTX 3070 8 GB Video Card,N/A,N/A,N/A,https://m.media-amazon.com/images/I/41nHFEB9R+S.jpg,240,8GB GDDR6,14000,1500,1770,323,2,2x 8-pin
Inno3D Twin X2 GeForce RTX 3070 8 GB Video Card,N/A,N/A,N/A,https://cdna.pcpartpicker.com/static/forever/images/product/f619e1f2284e05bc9492a225a41cc497.256p.jpg,220,8GB GDDR6,14000,1500,1725,240,2,2x 8-pin
Gigabyte AERO OC GeForce RTX 4070 12 GB Video Card,4.9,N/A,N/A,https://cdna.pcpartpicker.com/static/forever/images/product/1ffdbe8d43d92fbd6f4c3d0c707a2d77.256p.jpg,200,12GB GDDR6X,N/A,1920,2565,300,2,1x 16-pin
Zotac GAMING AMP AIRO GeForce RTX 4070 12 GB Video Card,5.0,N/A,N/A,https://cdna.pcpartpicker.com/static/forever/images/product/0be373228faf9a86157d7f738dd7fda2.256p.jpg,215,12GB GDDR6X,N/A,1920,2535,308,2,1x 16-pin
Palit GameRock GeForce RTX 3080 10GB 10 GB Video Card,N/A,N/A,N/A,https://cdna.pcpartpicker.com/static/forever/images/product/c2de3b108cf83a6c7d46b65665f124ad.256p.jpg,340,10GB GDDR6X,19000,1440,1755,304,2,3x 8-pin
MSI SUPRIM SE GeForce RTX 3080 10GB LHR 10 GB Video Card,N/A,N/A,N/A,https://static/forever/img/no-image.png,370,10GB GDDR6X,19000,1440,1770,336,2,3x 8-pin
EVGA XC3 ULTRA GAMING GeForce RTX 3080 12GB LHR 12 GB Video Card,4.5,969.99,https://www.amazon.com/dp/B09QL5BRZH?tag=pcpapi-20&linkCode=ogi&th=1&psc=1,https://m.media-amazon.com/images/I/41IqfL1qJUL.jpg,350,12GB GDDR6X,N/A,1260,1755,285,2,2x 8-pin
GALAX EX Gamer White (1-Click OC) GeForce RTX 3080 12GB LHR 12 GB Video Card,N/A,N/A,N/A,https://static/forever/img/no-image.png,350,12GB GDDR6X,N/A,1260,1770,316,2,2x 8-pin
Gigabyte EAGLE OC GeForce RTX 3090 24 GB Video Card,N/A,N/A,N/A,https://m.media-amazon.com/images/I/416LomNwdjL.jpg,350,24GB GDDR6X,19500,1395,1725,320,2,2x 8-pin
Asus ROG STRIX GAMING OC GeForce RTX 4080 16 GB Video Card,4.7,1539.0,https://www.amazon.com/dp/B0BSVMDYP6?tag=pcpapi-20&linkCode=ogi&th=1&psc=1,https://cdna.pcpartpicker.com/static/forever/images/product/2e0b34cae7a8cbe5f1d5a2cd8b99795a.256p.jpg,320,16GB GDDR6X,N/A,2205,2655,358,2,1x 16-pin
Colorful iGame Neptune OC-V GeForce RTX 4080 16 GB Video Card,N/A,N/A,N/A,https://cdna.pcpartpicker.com/static/forever/images/product/22427682b0881525d0b1c7fe088c7cc4.256p.jpg,320,16GB GDDR6X,N/A,2205,2640,254,2,1x 16-pin
MSI SUPRIM GeForce RTX 4090 24 GB Video Card,3.0,N/A,N/A,https://m.media-amazon.com/images/I/41-oXeCu1dL.jpg,480,24GB GDDR6X,21000,2235,2610,336,3,1x 16-pin
Asus STRIX GAMING OC Radeon RX 5500 XT 8 GB Video Card,4.0,N/A,N/A,https://cdna.pcpartpicker.com/static/forever/images/product/f6fcca83e635dc37dac3e9587937868e.256p.jpg,130,8GB GDDR6,14000,1607,1865,280,2,1x 8-pin
Gigabyte WINDFORCE OC Rev 2.0 Radeon RX 5600 XT 6 GB Video Card,N/A,N/A,N/A,https://static/forever/img/no-image.png,150,6GB GDDR6,14000,1247,1620,228,2,1x 8-pin
ASRock Challenger ITX Radeon RX 6600 XT 8 GB Video Card,N/A,N/A,N/A,https://cdna.pcpartpicker.com/static/forever/images/product/9815a3d8facbd2c78af7ad99826ed482.256p.jpg,160,8GB GDDR6,N/A,1968,N/A,179,2,1x 8-pin
PowerColor Red Devil OC Radeon RX 6650 XT 8 GB Video Card,N/A,1819.67,https://www.amazon.com/dp/B09VYG2JTL?tag=pcpapi-20&linkCode=ogi&th=1&psc=1,https://m.media-amazon.com/images/I/31OPFOFzgAL.jpg,180,8GB GDDR6,N/A,2055,2694,251,2,1x 8-pin + 1x 6-pin
ASRock Phantom Gaming X Radeon RX 580 8 GB Video Card,5.0,N/A,N/A,https://cdna.pcpartpicker.com/static/forever/images/product/8f9cffb7fad0e364e025473d3db29fbf.256p.jpg,185,8GB GDDR5,8000,1257,1380,279,2,1x 8-pin
Asus ROG STRIX Radeon RX VEGA 56 8 GB Video Card,4.7,N/A,N/A,https://m.media-amazon.com/images/I/51ZZx7-EyPL.jpg,210,8GB HBM2,800,1297,1573,298,2,2x 8-pin
Sapphire PULSE Radeon RX 5700 8 GB Video Card,4.4,N/A,N/A,https://m.media-amazon.com/images/I/41g59WV-h5L.jpg,187,8GB GDDR6,14000,1540,1750,254,2,1x 8-pin + 1x 6-pin
MSI MECH Radeon RX 5700 8 GB Video Card,5.0,N/A,N/A,https://images-eu.ssl-images-amazon.com/images/I/51hWfU2q8tL.jpg,225,8GB GDDR6,14000,1465,1725,232,2,1x 8-pin
PowerColor Fighter Radeon RX 6700 XT 12 GB Video Card,4.9,N/A,N/A,https://m.media-amazon.com/images/I/41C9yOOjM5L.jpg,230,12GB GDDR6,16000,2321,2581,228,2,1x 8-pin + 1x 6-pin
Sapphire NITRO+ Radeon RX VEGA 64 8 GB Video Card,N/A,N/A,N/A,https://m.media-amazon.com/images/I/51QxSumY0cL.jpg,295,8GB HBM2,1890,1423,1611,310,2,3x 8-pin
PowerColor Red Devil OC Radeon RX 6750 XT 12 GB Video Card,5.0,N/A,N/A,https://m.media-amazon.com/images/I/31YdJjQxGTL.jpg,250,12GB GDDR6,18000,2593,2713,320,2,2x 8-pin
ASRock Taichi X OC Radeon RX 6800 XT 16 GB Video Card,4.7,459.9,https://click.linksynergy.com/deeplink?id=8BacdVP0GFs&mid=44583&murl=https%3A%2F%2Fwww.newegg.com%2Fasrock-radeon-rx-6800-xt-rx6800xt-tcx-16go%2Fp%2FN82E16814930050,https://m.media-amazon.com/images/I/41Bz7grqn5L.jpg,300,16GB GDDR6,16000,1825,N/A,330,2,3x 8-pin
MSI Radeon RX 6900 XT GAMING Z TRIO 16G Radeon RX 6900 XT 16 GB Video Card,N/A,1215.4,https://www.amazon.com/dp/B096M7NPNP?tag=pcpapi-20&linkCode=ogi&th=1&psc=1,https://cdna.pcpartpicker.com/static/forever/images/product/753a377959fa04b4d9fb11f151845b9a.256p.jpg,300,16GB GDDR6,N/A,1825,2425,324,2,3x 8-pin
Sapphire TOXIC Limited Edition Radeon RX 6950 XT 16 GB Video Card,N/A,N/A,N/A,https://cdna.pcpartpicker.com/static/forever/images/product/de44a9683cd520b25546ed2ed00e0455.256p.jpg,420,16GB GDDR6,N/A,1890,2532,270,2,2x 8-pin + 1x 6-pin
Gigabyte AORUS ELITE Radeon RX 7900 XTX 24 GB Video Card,4.7,N/A,N/A,https://cdna.pcpartpicker.com/static/forever/images/product/ac15eefdc1bf8d0e2bbb46c2df65c097.256p.jpg,355,24GB GDDR6,N/A,2300,2680,335,2,3x 8-pin
