name,rating,price,amazon_link,image_link,tdp,socket,chipset,ram_type,ram_max_speed,ram_slot,ram_max,pcie_x16_slot,pcie_x1_slot,m2_slot,sata_slot,lan,wifi,form_factor
Asus PRIME Z390-A ATX LGA1151 Motherboard,4.6,299.0,https://www.amazon.com/dp/B07HCY7K9L?tag=pcpapi-20&linkCode=ogi&th=1&psc=1,https://cdna.pcpartpicker.com/static/forever/images/product/9bf978a8545947c14c8ab7b7338f9ae2.256p.jpg,80,LGA 1151,Intel Z390,DDR4,4266,4,128,3,3,2,6,1x 1GB/s,No,ATX
ASRock B365M-HDV Micro ATX LGA1151 Motherboard,4.0,N/A,N/A,https://cdna.pcpartpicker.com/static/forever/images/product/b6196d5b8b72eb6bfb4d42ccd24d8b25.256p.jpg,80,LGA 1151,Intel B365,DDR4,2666,2,32,1,2,1,6,1x 1GB/s,No,Micro-ATX
MSI Z390-A PRO ATX LGA1151 Motherboard,4.4,234.8,https://www.amazon.com/dp/B07J6Z9KJ2?tag=pcpapi-20&linkCode=ogi&th=1&psc=1,https://cdna.pcpartpicker.com/static/forever/images/product/65d2e2e1dd6c41fe051500c6d88ffe0c.256p.jpg,80,LGA 1151,Intel Z390,DDR4,4400,4,128,2,4,1,6,1x 1GB/s,No,ATX
Asus ROG STRIX Z390-E GAMING ATX LGA1151 Motherboard,4.5,366.1,https://www.amazon.com/dp/B07HCPLQ2H?tag=pcpapi-20&linkCode=ogi&th=1&psc=1,https://cdna.pcpartpicker.com/static/forever/images/product/7fe5cb1d35e7385f6cd195e787ab9274.256p.jpg,80,LGA 1151,Intel Z390,DDR4,4266,4,128,3,3,2,6,1x 1GB/s,Wi-Fi 5,ATX
Gigabyte Z390 AORUS PRO WIFI ATX LGA1151 Motherboard,4.7,294.0,https://www.amazon.com/dp/B07HRZKPXM?tag=pcpapi-20&linkCode=ogi&th=1&psc=1,https://cdna.pcpartpicker.com/static/forever/images/product/a735153cb96091c6e69f267386e177df.256p.jpg,80,LGA 1151,Intel Z390,DDR4,4133,4,128,3,3,2,6,1x 1GB/s,Wi-Fi 5,ATX
Asus PRIME Z390-P ATX LGA1151 Motherboard,4.2,189.9,https://www.amazon.com/dp/B07HCT5GBD?tag=pcpapi-20&linkCode=ogi&th=1&psc=1,https://cdna.pcpartpicker.com/static/forever/images/product/7709bacef3c1dff5fc91ceacff36bbbf.256p.jpg,80,LGA 1151,Intel Z390,DDR4,4266,4,128,2,4,2,4,1x 1GB/s,No,ATX
Asus Z170-A ATX LGA1151 Motherboard,4.5,311.9,https://www.amazon.com/dp/B012NH05UW?tag=pcpapi-20&linkCode=ogi&th=1&psc=1,https://cdna.pcpartpicker.com/static/forever/images/product/275bd01f746af921f9739489bb235716.256p.jpg,80,LGA 1151,Intel Z170,DDR4,3400,4,64,3,3,1,6,1x 1GB/s,No,ATX
ASRock H310CM-DVS Micro ATX LGA1151 Motherboard,3.0,68.38,https://www.amazon.com/dp/B07G6MP3LC?tag=pcpapi-20&linkCode=ogi&th=1&psc=1,https://cdna.pcpartpicker.com/static/forever/images/product/30ccbc7d5e77b0bfe36995077805bf83.256p.jpg,80,LGA 1151,Intel H310,DDR4,2666,2,32,1,1,0,4,1x 1GB/s,No,Micro-ATX
ASRock B365M Pro4 Micro ATX LGA1151 Motherboard,4.8,N/A,N/A,https://images-fe.ssl-images-amazon.com/images/I/519Ijk4KsTL.jpg,80,LGA 1151,Intel B365,DDR4,2666,4,64,2,1,2,6,1x 1GB/s,No,Micro-ATX
MSI MPG Z390 GAMING EDGE AC ATX LGA1151 Motherboard,4.8,436.4,https://www.amazon.com/dp/B07HM3MD1D?tag=pcpapi-20&linkCode=ogi&th=1&psc=1,https://m.media-amazon.com/images/I/51cwqUsvMoL.jpg,80,LGA 1151,Intel Z390,DDR4,4400,4,128,3,3,2,6,1x 1GB/s,Wi-Fi 5,ATX
Asus PRIME Z270-A ATX LGA1151 Motherboard,4.8,381.49,https://www.amazon.com/dp/B01NGTYV2Q?tag=pcpapi-20&linkCode=ogi&th=1&psc=1,https://cdna.pcpartpicker.com/static/forever/images/product/49e1f3750f0a0bf64a4d6d60d9eb0e06.256p.jpg,80,LGA 1151,Intel Z270,DDR4,3866,4,64,3,4,2,6,1x 1GB/s,No,ATX
Gigabyte Z390 UD ATX LGA1151 Motherboard,4.3,219.0,https://www.amazon.com/dp/B07HS59X7P?tag=pcpapi-20&linkCode=ogi&th=1&psc=1,https://cdna.pcpartpicker.com/static/forever/images/product/22573d2c099a90eb53acfd285b0fbed1.256p.jpg,80,LGA 1151,Intel Z390,DDR4,4266,4,128,3,3,1,6,1x 1GB/s,No,ATX
MSI Z370-A PRO ATX LGA1151 Motherboard,4.5,N/A,N/A,https://cdna.pcpartpicker.com/static/forever/images/product/f8c70f46f9a7756142a002e17babe4df.256p.jpg,80,LGA 1151,Intel Z370,DDR4,4000,4,64,2,4,1,6,1x 1GB/s,No,ATX
Asus Prime Z370-A ATX LGA1151 Motherboard,4.7,316.4,https://www.amazon.com/dp/B075RJHN2D?tag=pcpapi-20&linkCode=ogi&th=1&psc=1,https://cdna.pcpartpicker.com/static/forever/images/product/9a240bb5d6455883bbf45e134a11faae.256p.jpg,80,LGA 1151,Intel Z370,DDR4,4000,4,64,3,4,2,6,1x 1GB/s,No,ATX
Asus ROG STRIX Z370-E GAMING ATX LGA1151 Motherboard,4.5,N/A,N/A,https://cdna.pcpartpicker.com/static/forever/images/product/6a4a5f429b21304f2f8975cc6e49635d.256p.jpg,80,LGA 1151,Intel Z370,DDR4,0,4,64,3,4,2,6,1x 1GB/s,Wi-Fi 5,ATX
ASRock H310CM-HDV Micro ATX LGA1151 Motherboard,5.0,N/A,N/A,https://cdna.pcpartpicker.com/static/forever/images/product/6ddc849457b30257731dd578e6447a8e.256p.jpg,80,LGA 1151,Intel H310,DDR4,0,2,32,1,1,0,4,1x 1GB/s,No,Micro-ATX
Asus STRIX Z270-E GAMING ATX LGA1151 Motherboard,4.8,N/A,N/A,https://cdna.pcpartpicker.com/static/forever/images/product/4de138bdc4e9d1296abcb8f10348dda3.256p.jpg,80,LGA 1151,Intel Z270,DDR4,0,4,64,3,4,2,6,1x 1GB/s,Wi-Fi 5,ATX
Gigabyte GA-B250M-DS3H Micro ATX LGA1151 Motherboard,4.0,167.1,https://www.amazon.com/dp/B01N2WG23X?tag=pcpapi-20&linkCode=ogi&th=1&psc=1,https://cdna.pcpartpicker.com/static/forever/images/product/f5dd197bfd91495b247f321158791a78.256p.jpg,80,LGA 1151,Intel B250,DDR4,0,4,64,1,2,1,6,1x 1GB/s,No,Micro-ATX
Gigabyte B365M DS3H WIFI Micro ATX LGA1151 Motherboard,5.0,N/A,N/A,https://cdna.pcpartpicker.com/static/forever/images/product/218f2454f77327522d57028e90fe1b77.256p.jpg,80,LGA 1151,Intel B365,DDR4,0,4,64,1,2,1,6,1x 1GB/s,Wi-Fi 5,Micro-ATX
Gigabyte Z390 AORUS ELITE ATX LGA1151 Motherboard,4.5,270.8,https://www.amazon.com/dp/B07HRWJ555?tag=pcpapi-20&linkCode=ogi&th=1&psc=1,https://cdna.pcpartpicker.com/static/forever/images/product/119baf5812908c1b92fd934720593cb2.256p.jpg,80,LGA 1151,Intel Z390,DDR4,4000,4,128,2,4,2,6,1x 1GB/s,No,ATX
ASRock B250M Pro4 Micro ATX LGA1151 Motherboard,4.4,N/A,N/A,https://images-na.ssl-images-amazon.com/images/I/51T%2BFRrf3jL.jpg,80,LGA 1151,Intel B250,DDR4,2666,4,64,2,1,2,6,1x 1GB/s,No,Micro-ATX
Gigabyte GA-H110M-S2H Micro ATX LGA1151 Motherboard,3.5,N/A,N/A,https://cdna.pcpartpicker.com/static/forever/images/product/1350738cae4c916ffc39bf2c9527b9d2.256p.jpg,80,LGA 1151,Intel H110,DDR4,0,2,32,1,2,0,4,1x 1GB/s,No,Micro-ATX
ASRock Z270 Killer SLI/ac ATX LGA1151 Motherboard,4.5,706.4,https://www.amazon.com/dp/B01N6NWA0L?tag=pcpapi-20&linkCode=ogi&th=1&psc=1,https://cdna.pcpartpicker.com/static/forever/images/product/61036e98987f7d01afc7744a87620d8f.256p.jpg,80,LGA 1151,Intel Z270,DDR4,3866,4,64,2,4,2,6,1x 1GB/s,Wi-Fi 5,ATX
MSI B360M MORTAR Micro ATX LGA1151 Motherboard,4.0,N/A,N/A,https://cdna.pcpartpicker.com/static/forever/images/product/1dea452ec2e1084d5966031a86f48d1e.256p.jpg,80,LGA 1151,Intel B360,DDR4,0,4,64,2,2,2,4,1x 1GB/s,No,Micro-ATX
Gigabyte GA-B250M-D3H Micro ATX LGA1151 Motherboard,4.0,N/A,N/A,https://cdna.pcpartpicker.com/static/forever/images/product/25f4eb94aac77aae57dd6216e9e47466.256p.jpg,80,LGA 1151,Intel B250,DDR4,0,4,64,2,0,1,8,1x 1GB/s,No,Micro-ATX
Asus PRIME B360M-K Micro ATX LGA1151 Motherboard,N/A,N/A,N/A,https://cdna.pcpartpicker.com/static/forever/images/product/6364c874ed3df5867a8e5c657672f861.256p.jpg,80,LGA 1151,Intel B360,DDR4,0,2,32,1,2,1,6,1x 1GB/s,No,Micro-ATX
NZXT N7 Z390 ATX LGA1151 Motherboard,5.0,219.9,https://nzxt.sjv.io/c/79301/1719474/20004?u=https%3A%2F%2Fnzxt.com%2Fproduct%2Fn7-z390,https://cdna.pcpartpicker.com/static/forever/images/product/9f1ed4f4946aaf83258d5d7cfa5d90d5.256p.jpg,80,LGA 1151,Intel Z390,DDR4,0,4,64,2,1,2,4,1x 1GB/s,Wi-Fi 5,ATX
ASRock Z370 Killer SLI/ac ATX LGA1151 Motherboard,4.4,N/A,N/A,https://cdna.pcpartpicker.com/static/forever/images/product/56c7c1df956ec2561a8a8127087cca6f.256p.jpg,80,LGA 1151,Intel Z370,DDR4,0,4,64,2,4,2,6,1x 1GB/s,Wi-Fi 5,ATX
Gigabyte GA-H170-GAMING 3 ATX LGA1151 Motherboard,3.7,N/A,N/A,https://m.media-amazon.com/images/I/519uxwS5wRL.jpg,80,LGA 1151,Intel H170,DDR4,0,4,64,2,2,2,6,1x 1GB/s,No,ATX
Asus SABERTOOTH Z170 S ATX LGA1151 Motherboard,4.6,N/A,N/A,https://cdna.pcpartpicker.com/static/forever/images/product/6a81693fc318070612ea39fbd8ce33f6.256p.jpg,80,LGA 1151,Intel Z170,DDR4,0,4,64,3,3,1,6,1x 1GB/s,No,ATX
Asus ROG STRIX B360-G GAMING Micro ATX LGA1151 Motherboard,N/A,N/A,N/A,https://cdna.pcpartpicker.com/static/forever/images/product/cfff498455e6d432e9d1d3520c4237c9.256p.jpg,80,LGA 1151,Intel B360,DDR4,0,4,64,2,2,2,6,1x 1GB/s,No,Micro-ATX
Gigabyte H370M D3H Micro ATX LGA1151 Motherboard,3.0,N/A,N/A,https://cdna.pcpartpicker.com/static/forever/images/product/495feb7e9a4bb4269e7949559508cb59.256p.jpg,80,LGA 1151,Intel H370,DDR4,0,4,64,2,1,2,6,1x 1GB/s,No,Micro-ATX
MSI Z370M GAMING PRO AC Micro ATX LGA1151 Motherboard,4.4,309.0,https://www.amazon.com/dp/B075GYKNQZ?tag=pcpapi-20&linkCode=ogi&th=1&psc=1,https://m.media-amazon.com/images/I/513hLlGu1eL.jpg,80,LGA 1151,Intel Z370,DDR4,2400,4,64,2,2,2,4,1x 1GB/s,Wi-Fi 5,Micro-ATX
Gigabyte Z390 D ATX LGA1151 Motherboard,N/A,N/A,N/A,https://cdna.pcpartpicker.com/static/forever/images/product/a735153cb96091c6e69f267386e177df.256p.jpg,80,LGA 1151,Intel Z390,DDR4,0,4,128,3,3,1,6,1x 1GB/s,No,ATX
ASRock Z390 PHANTOM GAMING X ATX LGA1151 Motherboard,5.0,N/A,N/A,https://cdna.pcpartpicker.com/static/forever/images/product/2b02bc5f14c800bc66df1b8364788093.256p.jpg,80,LGA 1151,Intel Z390,DDR4,0,4,128,3,2,3,8,2x 1GB/s + 1x 2.5GB/s,Wi-Fi 5,ATX
Gigabyte H370 HD3 ATX LGA1151 Motherboard,N/A,N/A,N/A,https://m.media-amazon.com/images/I/51gL+R4WHVL.jpg,80,LGA 1151,Intel H370,DDR4,0,4,64,2,4,2,6,1x 1GB/s,No,ATX
MSI H370 GAMING PRO CARBON ATX LGA1151 Motherboard,N/A,N/A,N/A,https://cdna.pcpartpicker.com/static/forever/images/product/6b2da3a606caf11b365ff1977dcc977b.256p.jpg,80,LGA 1151,Intel H370,DDR4,0,4,64,2,3,2,6,1x 1GB/s,No,ATX
MSI B150A Gaming Pro ATX LGA1151 Motherboard,4.2,N/A,N/A,https://cdna.pcpartpicker.com/static/forever/images/product/aac6b3a777a5316ac8777f3167ade07b.256p.jpg,80,LGA 1151,Intel B150,DDR4,0,4,64,2,2,0,6,1x 1GB/s,No,ATX
Gigabyte GA-B250M-Gaming 3 Micro ATX LGA1151 Motherboard,4.0,N/A,N/A,https://cdna.pcpartpicker.com/static/forever/images/product/43fffdcf06a2aa726a4f8c27b76cce35.256p.jpg,80,LGA 1151,Intel B250,DDR4,0,4,64,2,2,1,6,1x 1GB/s,No,Micro-ATX
Gigabyte GA-Z170X-UD5 TH ATX LGA1151 Motherboard,4.5,N/A,N/A,https://cdna.pcpartpicker.com/static/forever/images/product/738d0410bb23e6bafc9430f056f1399f.256p.jpg,80,LGA 1151,Intel Z170,DDR4,0,4,64,3,3,1,6,1x 1GB/s,No,ATX
Gigabyte GA-H110M-M.2 Micro ATX LGA1151 Motherboard,N/A,N/A,N/A,https://m.media-amazon.com/images/I/51yWy9TOuML.jpg,80,LGA 1151,Intel H110,DDR4,0,2,32,1,2,1,4,1x 1GB/s,No,Micro-ATX
MSI H270M MORTAR ARCTIC Micro ATX LGA1151 Motherboard,5.0,N/A,N/A,https://cdna.pcpartpicker.com/static/forever/images/product/9ecbe8dbf27223dfa9e40a94f9286605.256p.jpg,80,LGA 1151,Intel H270,DDR4,0,4,64,2,2,1,6,1x 1GB/s,No,Micro-ATX
Asus H110M-E Micro ATX LGA1151 Motherboard,4.0,N/A,N/A,https://cdna.pcpartpicker.com/static/forever/images/product/881a10be1a37b9b56e5d95755674a2d1.256p.jpg,80,LGA 1151,Intel H110,DDR4,0,2,32,1,2,0,4,1x 1GB/s,No,Micro-ATX
ASRock Fatal1ty B250M Performance Micro ATX LGA1151 Motherboard,N/A,N/A,N/A,https://cdna.pcpartpicker.com/static/forever/images/product/b62834b0f74155382d2f7bed3ae6c2cd.256p.jpg,80,LGA 1151,Intel B250,DDR4,0,4,64,2,2,2,6,1x 1GB/s,No,Micro-ATX
Asus B150M-PLUS Micro ATX LGA1151 Motherboard,N/A,N/A,N/A,https://cdna.pcpartpicker.com/static/forever/images/product/efb746e11ca58a02f7f740517a803e42.256p.jpg,80,LGA 1151,Intel B150,DDR4,2666,4,64,2,1,1,6,1x 1GB/s,No,Micro-ATX
Biostar B360MHD PRO Micro ATX LGA1151 Motherboard,N/A,N/A,N/A,https://cdna.pcpartpicker.com/static/forever/images/product/40141a4a12121bd8380e43f13315b488.256p.jpg,80,LGA 1151,Intel B360,DDR4,0,2,32,1,2,0,4,1x 1GB/s,No,Micro-ATX
ASRock Z270 Professional Gaming i7 ATX LGA1151 Motherboard,N/A,N/A,N/A,https://cdna.pcpartpicker.com/static/forever/images/product/9010f6fcbc1a91745b299183215a046e.256p.jpg,80,LGA 1151,Intel Z270,DDR4,0,4,64,4,1,3,10,2x 1GB/s,Wi-Fi 5,ATX
MSI H110 PC MATE ATX LGA1151 Motherboard,N/A,N/A,N/A,https://images-eu.ssl-images-amazon.com/images/I/516Vxb4Bk1L.jpg,80,LGA 1151,Intel H110,DDR4,0,2,32,2,2,0,4,1x 1GB/s,No,ATX
ASRock H310CM-HG4 Micro ATX LGA1151 Motherboard,N/A,N/A,N/A,https://static/forever/img/no-image.png,80,LGA 1151,Intel H310,DDR4,0,2,32,1,1,0,4,1x 1GB/s,No,Micro-ATX
Gigabyte GA-B150M-HD3 DDR3 Micro ATX LGA1151 Motherboard,N/A,N/A,N/A,https://cdna.pcpartpicker.com/static/forever/images/product/20321527a1f76885c684ae8116681e2d.256p.jpg,80,LGA 1151,Intel B150,DDR3,0,2,16,1,2,1,6,1x 1GB/s,No,Micro-ATX
ASRock B150M Pro4S/D3 Micro ATX LGA1151 Motherboard,N/A,N/A,N/A,https://m.media-amazon.com/images/I/51xMxWuhFXL.jpg,80,LGA 1151,Intel B150,DDR3,0,4,64,2,1,0,6,1x 1GB/s,No,Micro-ATX
ASRock Z170M Pro4 Micro ATX LGA1151 Motherboard,N/A,N/A,N/A,https://m.media-amazon.com/images/I/611ao7Cy4HL.jpg,80,LGA 1151,Intel Z170,DDR4,0,4,64,2,2,1,6,1x 1GB/s,No,Micro-ATX
Asus ROG STRIX Z270i GAMING Mini ITX LGA1151 Motherboard,4.5,N/A,N/A,https://cdna.pcpartpicker.com/static/forever/images/product/c50914f6d3a6ed5677cf24d113be5753.256p.jpg,80,LGA 1151,Intel Z270,DDR4,0,2,32,1,0,2,4,1x 1GB/s,Wi-Fi 5,Mini-ITX
MSI H110I Pro Mini ITX LGA1151 Motherboard,4.2,N/A,N/A,https://cdna.pcpartpicker.com/static/forever/images/product/db942f78819d0176f7c081bb9ec243e8.256p.jpg,80,LGA 1151,Intel H110,DDR4,2666,2,32,1,0,1,4,1x 1GB/s,No,Mini-ITX
Supermicro MBD-X11SSV-Q-O Mini ITX LGA1151 Motherboard,N/A,314.01,https://www.amazon.com/dp/B0150VKX1Y?tag=pcpapi-20&linkCode=ogi&th=1&psc=1,https://cdna.pcpartpicker.com/static/forever/images/product/4a8f59dd3ab81797d436c9d6ff91d99f.256p.jpg,80,LGA 1151,Intel Q170,DDR4,0,2,32,1,0,1,5,2x 1GB/s,No,Mini-ITX
Gigabyte GA-B250N-Phoenix WIFI Mini ITX LGA1151 Motherboard,5.0,N/A,N/A,https://cdna.pcpartpicker.com/static/forever/images/product/5c36852e3ab479f0d624a583bf6162d0.256p.jpg,80,LGA 1151,Intel B250,DDR4,0,2,32,1,0,1,4,1x 1GB/s,Wi-Fi 5,Mini-ITX
EVGA Z270 Stinger Mini ITX LGA1151 Motherboard,N/A,N/A,N/A,https://cdna.pcpartpicker.com/static/forever/images/product/7db37e5e38bd4ea8f641b230292e47fd.256p.jpg,80,LGA 1151,Intel Z270,DDR4,0,2,32,1,0,1,4,1x 1GB/s,Wi-Fi 5,Mini-ITX
MSI B460M PRO-VDH WIFI Micro ATX LGA1200 Motherboard,4.0,N/A,N/A,https://cdna.pcpartpicker.com/static/forever/images/product/ae77a055d3c505f261e8525b209b724e.256p.jpg,80,LGA 1200,Intel B460,DDR4,0,4,128,1,2,2,4,1x 1GB/s,Wi-Fi 5,Micro-ATX
ASRock H470M-HVS Micro ATX LGA1200 Motherboard,N/A,N/A,N/A,https://cdna.pcpartpicker.com/static/forever/images/product/aa2ceab4dc9713763804e80bf4d79044.256p.jpg,80,LGA 1200,Intel H470,DDR4,0,2,64,1,1,0,4,1x 1GB/s,No,Micro-ATX
Gigabyte B560 DS3H AC ATX LGA1200 Motherboard,N/A,N/A,N/A,https://cdna.pcpartpicker.com/static/forever/images/product/0deb2420299098824fb58d364339023b.256p.jpg,80,LGA 1200,Intel B560,DDR4,0,4,128,5,0,2,6,1x 1GB/s,Wi-Fi 5,ATX
Asus ROG MAXIMUS XII HERO (WI-FI) ATX LGA1200 Motherboard,4.5,636.0,https://www.amazon.com/dp/B086QT2Y86?tag=pcpapi-20&linkCode=ogi&th=1&psc=1,https://cdna.pcpartpicker.com/static/forever/images/product/c364a2ad0b5ee287c355c84251ec1042.256p.jpg,80,LGA 1200,Intel Z490,DDR4,0,4,128,3,3,3,6,1x 1GB/s + 1x 5GB/s,Wi-Fi 6,ATX
ASRock H510M-HVS Micro ATX LGA1200 Motherboard,4.0,N/A,N/A,https://cdna.pcpartpicker.com/static/forever/images/product/abcf801c75db5692ed08e9c0c3f49fbc.256p.jpg,80,LGA 1200,Intel H510,DDR4,0,2,64,1,1,0,4,1x 1GB/s,No,Micro-ATX
MSI H510M PRO Micro ATX LGA1200 Motherboard,5.0,N/A,N/A,https://cdna.pcpartpicker.com/static/forever/images/product/f9e3e541c282e5d932fce04c93183883.256p.jpg,80,LGA 1200,Intel H510,DDR4,0,2,64,1,1,1,4,1x 1GB/s,No,Micro-ATX
ASRock B560 Steel Legend ATX LGA1200 Motherboard,4.8,185.5,https://www.amazon.com/dp/B08XMSQK1P?tag=pcpapi-20&linkCode=ogi&th=1&psc=1,https://cdna.pcpartpicker.com/static/forever/images/product/0a2040e9a0b15e6bafffe9e54958b55d.256p.jpg,80,LGA 1200,Intel B560,DDR4,0,4,128,2,2,3,6,1x 2.5GB/s,No,ATX
Gigabyte B560M AORUS ELITE Micro ATX LGA1200 Motherboard,N/A,N/A,N/A,https://cdna.pcpartpicker.com/static/forever/images/product/423fb6fe78af4acffee5d96a0407ae06.256p.jpg,80,LGA 1200,Intel B560,DDR4,0,4,128,2,1,2,6,1x 2.5GB/s,No,Micro-ATX
ASRock H410M-HDV/M.2 Micro ATX LGA1200 Motherboard,5.0,N/A,N/A,https://m.media-amazon.com/images/I/61d8E1EtmYL.jpg,80,LGA 1200,Intel H410,DDR4,0,2,64,1,1,1,4,1x 1GB/s,No,Micro-ATX
Asus TUF GAMING B460M-PLUS Micro ATX LGA1200 Motherboard,N/A,N/A,N/A,https://cdna.pcpartpicker.com/static/forever/images/product/c053d6da37d85215460196e9d5b47129.256p.jpg,80,LGA 1200,Intel B460,DDR4,0,4,128,2,1,2,6,1x 1GB/s,No,Micro-ATX
ASRock Z490 Pro4 ATX LGA1200 Motherboard,2.5,356.4,https://www.amazon.com/dp/B087TD675B?tag=pcpapi-20&linkCode=ogi&th=1&psc=1,https://cdna.pcpartpicker.com/static/forever/images/product/24cc66652169bc811f7a8e3cd5a0c5c2.256p.jpg,80,LGA 1200,Intel Z490,DDR4,0,4,128,2,3,2,6,1x 1GB/s,No,ATX
Asus PRO Q570M-C/CSM Micro ATX LGA1200 Motherboard,N/A,164.9,https://www.amazon.com/dp/B09322DLZS?tag=pcpapi-20&linkCode=ogi&th=1&psc=1,https://cdna.pcpartpicker.com/static/forever/images/product/0e2ee20fe8f5790f312185515729937e.256p.jpg,80,LGA 1200,Intel Q570,DDR4,0,4,128,1,2,2,6,1x 1GB/s,No,Micro-ATX
Gigabyte H410M SH2 V2 Micro ATX LGA1200 Motherboard,N/A,N/A,N/A,https://static/forever/img/no-image.png,80,LGA 1200,Intel H470,DDR4,0,2,64,1,2,1,4,1x 1GB/s,No,Micro-ATX
Supermicro C9Z490-PGW ATX LGA1200 Motherboard,N/A,N/A,N/A,https://cdna.pcpartpicker.com/static/forever/images/product/d57e99a4912902ffb5a879d9a22e7832.256p.jpg,80,LGA 1200,Intel Z490,DDR4,0,4,128,4,1,2,N/A,1x 1GB/s + 1x 10GB/s,Wi-Fi 6,ATX
Biostar Z490GTA EVO ATX LGA1200 Motherboard,N/A,N/A,N/A,https://cdna.pcpartpicker.com/static/forever/images/product/7db33f86a1b11732c54eebb056641168.256p.jpg,80,LGA 1200,Intel Z490,DDR4,0,4,128,2,3,2,6,1x 1GB/s,No,ATX
Biostar B460GTA ATX LGA1200 Motherboard,N/A,N/A,N/A,https://cdna.pcpartpicker.com/static/forever/images/product/e62ed9c05597fe2c2c7cff1835f4c43f.256p.jpg,80,LGA 1200,Intel B460,DDR4,0,4,128,2,3,2,6,1x 1GB/s,No,ATX
Asus ROG STRIX Z590-I GAMING WIFI Mini ITX LGA1200 Motherboard,4.5,609.0,https://www.amazon.com/dp/B08VL2GRS9?tag=pcpapi-20&linkCode=ogi&th=1&psc=1,https://cdna.pcpartpicker.com/static/forever/images/product/eab5fc15cc9e87e6fd34515796ab8bd0.256p.jpg,80,LGA 1200,Intel Z590,DDR4,0,2,64,1,0,2,4,1x 2.5GB/s,Wi-Fi 6,Mini-ITX
MSI MEG Z490I UNIFY Mini ITX LGA1200 Motherboard,4.7,N/A,N/A,https://cdna.pcpartpicker.com/static/forever/images/product/2aba8a9a8ab9f0685f137318489fccf6.256p.jpg,80,LGA 1200,Intel Z490,DDR4,0,2,64,1,0,2,4,1x 2.5GB/s,Wi-Fi 6,Mini-ITX
MSI PRO B660M-A WIFI DDR4 Micro ATX LGA1700 Motherboard,4.9,299.0,https://www.amazon.com/dp/B09PX7D8KY?tag=pcpapi-20&linkCode=ogi&th=1&psc=1,https://cdna.pcpartpicker.com/static/forever/images/product/3cbf74a6886df1b73c6db3935b1b24e1.256p.jpg,80,LGA 1700,Intel B660,DDR4,0,4,128,2,1,2,4,1x 2.5GB/s,Wi-Fi 6,Micro-ATX
Asus TUF GAMING Z790-PLUS WIFI ATX LGA1700 Motherboard,4.9,219.9,https://www.amazon.com/dp/B0BQD58D96?tag=pcpapi-20&linkCode=ogi&th=1&psc=1,https://cdna.pcpartpicker.com/static/forever/images/product/aeb8a7dad48da098b42945e9439076fe.256p.jpg,80,LGA 1700,Intel Z790,DDR5,0,4,192,2,2,4,4,1x 2.5GB/s,Wi-Fi 6E,ATX
Asus ProArt Z790-CREATOR WIFI ATX LGA1700 Motherboard,4.4,439.9,https://www.amazon.com/dp/B0BQD69ZSF?tag=pcpapi-20&linkCode=ogi&th=1&psc=1,https://cdna.pcpartpicker.com/static/forever/images/product/ab8277b010e4ee58555176df3274e729.256p.jpg,80,LGA 1700,Intel Z790,DDR5,0,4,192,3,0,4,8,1x 10GB/s + 1x 2.5GB/s,Wi-Fi 6E,ATX
Gigabyte Z690 UD AX DDR4 ATX LGA1700 Motherboard,4.1,N/A,N/A,https://cdna.pcpartpicker.com/static/forever/images/product/53145af8beee7ff976abda9265cc17b9.256p.jpg,80,LGA 1700,Intel Z690,DDR4,0,4,128,3,2,3,6,1x 2.5GB/s,Wi-Fi 6,ATX
NZXT N7-Z69XT-W1 ATX LGA1700 Motherboard,4.6,299.9,https://nzxt.sjv.io/c/79301/1719474/20004?u=https%3A%2F%2Fnzxt.com%2Fproduct%2Fn7-z690,https://cdna.pcpartpicker.com/static/forever/images/product/ab5f3ec82862abac7ef258dae5b1b918.256p.jpg,80,LGA 1700,Intel Z690,DDR4,0,4,128,3,2,3,4,1x 2.5GB/s,Wi-Fi 6,ATX
Asus PRIME B660M-A D4 Micro ATX LGA1700 Motherboard,4.3,190.0,https://www.amazon.com/dp/B09NWF1JQC?tag=pcpapi-20&linkCode=ogi&th=1&psc=1,https://m.media-amazon.com/images/I/51Cv4QAFllL.jpg,80,LGA 1700,Intel B660,DDR4,0,4,128,3,0,2,4,1x 1GB/s,No,Micro-ATX
MSI MPG Z690 FORCE WIFI ATX LGA1700 Motherboard,4.9,420.78,https://www.amazon.com/dp/B09GLF92GF?tag=pcpapi-20&linkCode=ogi&th=1&psc=1,https://cdna.pcpartpicker.com/static/forever/images/product/1ba24bfcac3647fb9e04f747d06cd999.256p.jpg,80,LGA 1700,Intel Z690,DDR5,2400,4,192,3,0,5,6,1x 2.5GB/s,Wi-Fi 6,ATX
ASRock Z690 Pro RS ATX LGA1700 Motherboard,4.0,121.9,https://click.linksynergy.com/deeplink?id=8BacdVP0GFs&mid=44583&murl=https%3A%2F%2Fwww.newegg.com%2Fasrock-z690-pro-rs-atx-intel-z690-lga-1700%2Fp%2FN82E16813162039,https://cdna.pcpartpicker.com/static/forever/images/product/ca0f9a6ddff8347ea4fbf29af0b4a9c0.256p.jpg,80,LGA 1700,Intel Z690,DDR4,0,4,128,3,2,3,8,1x 2.5GB/s,No,ATX
Asus ROG STRIX Z690-A GAMING WIFI ATX LGA1700 Motherboard,N/A,N/A,N/A,https://m.media-amazon.com/images/I/519+E97-55L.jpg,80,LGA 1700,Intel Z690,DDR5,0,4,192,2,1,4,6,1x 2.5GB/s,Wi-Fi 6E,ATX
MSI PRO Z690-A ATX LGA1700 Motherboard,5.0,229.9,https://click.linksynergy.com/deeplink?id=8BacdVP0GFs&mid=24348&murl=https%3A%2F%2Fwww.gamestop.com%2Fpc-gaming%2Fpc-components%2Fmotherboards%2Fproducts%2Fmsi-pro-z690-a-ddr5-lga-1700-atx-intel-motherboard%2F325954.html,https://cdna.pcpartpicker.com/static/forever/images/product/9a893a5445108a083b1727bcd344b9c1.256p.jpg,80,LGA 1700,Intel Z690,DDR5,0,4,192,3,1,4,6,1x 2.5GB/s,No,ATX
ASRock Z790 PG Lightning/D4 ATX LGA1700 Motherboard,N/A,149.9,https://click.linksynergy.com/deeplink?id=8BacdVP0GFs&mid=44583&murl=https%3A%2F%2Fwww.newegg.com%2Fasrock-z790-pg-lightningd4-atx-intel-z790-lga-1700%2Fp%2FN82E16813162085,https://cdna.pcpartpicker.com/static/forever/images/product/734e5145e6e94b381114913f48776a44.256p.jpg,80,LGA 1700,Intel Z790,DDR4,2133,4,128,2,3,4,4,1x 2.5GB/s,No,ATX
Gigabyte Z690 AORUS PRO ATX LGA1700 Motherboard,4.7,396.0,https://www.amazon.com/dp/B09J5Z48MP?tag=pcpapi-20&linkCode=ogi&th=1&psc=1,https://cdna.pcpartpicker.com/static/forever/images/product/e9ca40040bf3b820315f0c355fb0c623.256p.jpg,80,LGA 1700,Intel Z690,DDR5,0,4,192,3,0,4,6,1x 2.5GB/s,Wi-Fi 6,ATX
Asus PRIME B760M-A AX D4 Micro ATX LGA1700 Motherboard,N/A,N/A,N/A,https://cdna.pcpartpicker.com/static/forever/images/product/18887870cafc66f32705ce236bc03d05.256p.jpg,80,LGA 1700,Intel B760,DDR4,0,4,128,4,0,2,6,1x 2.5GB/s,Wi-Fi 6,Micro-ATX
Gigabyte B760M GAMING X AX Micro ATX LGA1700 Motherboard,N/A,N/A,N/A,https://cdna.pcpartpicker.com/static/forever/images/product/36fff2566501ac4f30dc62e32776b397.256p.jpg,80,LGA 1700,Intel B760,DDR5,0,4,192,2,0,2,4,1x 2.5GB/s,Wi-Fi 6E,Micro-ATX
ASRock Z690M PG RIPTIDE/D5 Micro ATX LGA1700 Motherboard,N/A,N/A,N/A,https://cdna.pcpartpicker.com/static/forever/images/product/8d57cd1736cfdce21702c2b881e4efb1.256p.jpg,80,LGA 1700,Intel Z690,DDR5,0,4,192,2,1,2,4,1x 2.5GB/s,No,Micro-ATX
MSI PRO B660M-G Micro ATX LGA1700 Motherboard,N/A,N/A,N/A,https://cdna.pcpartpicker.com/static/forever/images/product/8658cf6d48409be106fc2995fad9984d.256p.jpg,80,LGA 1700,Intel B660,DDR5,0,2,96,1,1,2,4,1x 2.5GB/s,No,Micro-ATX
Biostar Z690 VALKYRIE ATX LGA1700 Motherboard,N/A,825.0,https://www.amazon.com/dp/B09LQJB3LB?tag=pcpapi-20&linkCode=ogi&th=1&psc=1,https://m.media-amazon.com/images/I/41ctPbLzkXL.jpg,80,LGA 1700,Intel Z690,DDR5,0,4,192,3,0,4,8,1x 2.5GB/s,No,ATX
Asus ROG MAXIMUS Z790 HERO EVA-02 EDITION ATX LGA1700 Motherboard,N/A,N/A,N/A,https://static/forever/img/no-image.png,80,LGA 1700,Intel Z790,DDR5,0,4,192,3,0,3,6,1x 2.5GB/s,Wi-Fi 6E,ATX
Asus Pro H610M-C-CSM Micro ATX LGA1700 Motherboard,N/A,N/A,N/A,https://static/forever/img/no-image.png,80,LGA 1700,Intel H610,DDR5,0,2,64,1,2,1,4,1x 1GB/s,No,Micro-ATX
Asus PRIME H670-PLUS D4-CSM ATX LGA1700 Motherboard,N/A,N/A,N/A,https://m.media-amazon.com/images/I/41znXbd8wkL.jpg,80,LGA 1700,Intel H670,DDR4,0,4,128,3,2,3,4,1x 2.5GB/s,No,ATX
Asus PRIME H610M-E Micro ATX LGA1700 Motherboard,N/A,N/A,N/A,https://cdna.pcpartpicker.com/static/forever/images/product/7e812ac7ffc64a148eea6799a92d3a64.256p.jpg,80,LGA 1700,Intel H610,DDR5,0,2,96,1,1,2,4,1x 1GB/s,No,Micro-ATX
MSI PRO B760M-G Micro ATX LGA1700 Motherboard,N/A,N/A,N/A,https://cdna.pcpartpicker.com/static/forever/images/product/bde13bcf9eb92027c23e9aa76d6289a9.256p.jpg,80,LGA 1700,Intel B760,DDR5,0,2,96,1,1,2,4,1x 2.5GB/s,No,Micro-ATX
Biostar B760MX-E Micro ATX LGA1700 Motherboard,N/A,N/A,N/A,https://m.media-amazon.com/images/I/51I9+oi2OfL.jpg,80,LGA 1700,Intel B760,DDR5,0,2,96,1,1,1,4,1x 1GB/s,No,Micro-ATX
Asus EX-B760M-V5-CSM Micro ATX LGA1700 Motherboard,N/A,N/A,N/A,https://static/forever/img/no-image.png,80,LGA 1700,Intel B760,DDR5,0,2,96,1,2,2,4,1x 2.5GB/s,No,Micro-ATX
Gigabyte Z690I AORUS ULTRA LITE DDR4 (rev. 1.0) Mini ITX LGA1700 Motherboard,3.0,N/A,N/A,https://cdna.pcpartpicker.com/static/forever/images/product/d856b58936b550b4878d30739c4966b8.256p.jpg,80,LGA 1700,Intel Z690,DDR4,0,2,64,1,0,2,4,1x 2.5GB/s,Wi-Fi 6,Mini-ITX
Asus M4A88T-M Micro ATX AM3 Motherboard,N/A,N/A,N/A,https://images-na.ssl-images-amazon.com/images/I/51%2BUAYS9jnL.jpg,80,AM3,AMD 880G,DDR3,0,4,16,1,2,0,N/A,1x 1GB/s,No,Micro-ATX
MSI 890FXA-GD70 ATX AM3 Motherboard,N/A,N/A,N/A,https://images-na.ssl-images-amazon.com/images/I/51q-Oe58BYL.jpg,80,AM3,AMD 890FX,DDR3,0,4,16,5,1,0,6,2x 1GB/s,No,ATX
Asus M4A77T/USB3 ATX AM3 Motherboard,N/A,N/A,N/A,https://m.media-amazon.com/images/I/31uM0uegWKL.jpg,80,AM3,AMD 770,DDR3,0,4,16,1,2,0,N/A,1x 1GB/s,No,ATX
Foxconn A9DA ATX AM3 Motherboard,N/A,N/A,N/A,https://static/forever/img/no-image.png,80,AM3,AMD 890GX,DDR3,0,4,16,2,2,0,5,1x 1GB/s,No,ATX
Gigabyte GA-880GM-D2H Micro ATX AM3 Motherboard,N/A,N/A,N/A,https://images-na.ssl-images-amazon.com/images/I/61y2qz4GaHL.jpg,80,AM3,AMD 880G,DDR3,0,2,8,1,1,0,N/A,1x 1GB/s,No,Micro-ATX
ASRock 880GXH/USB3 ATX AM3 Motherboard,N/A,95.9,https://www.amazon.com/dp/B003MTOW78?tag=pcpapi-20&linkCode=ogi&th=1&psc=1,https://images-na.ssl-images-amazon.com/images/I/61-SJe9jEhL.jpg,80,AM3,AMD 880G,DDR3,0,4,16,1,2,0,N/A,1x 1GB/s,No,ATX
ASRock 890FX Deluxe4 ATX AM3 Motherboard,N/A,167.8,https://www.amazon.com/dp/B003Y5KNJ6?tag=pcpapi-20&linkCode=ogi&th=1&psc=1,https://images-na.ssl-images-amazon.com/images/I/41awZKOILoL.jpg,80,AM3,AMD 890FX,DDR3,0,4,16,3,2,0,8,1x 1GB/s,No,ATX
MSI 880GMA-E55 Micro ATX AM3 Motherboard,N/A,N/A,N/A,https://images-na.ssl-images-amazon.com/images/I/41wMPzLLr%2BL.jpg,80,AM3,AMD 880G,DDR3,0,4,16,1,2,0,6,1x 1GB/s,No,Micro-ATX
Zotac GF6100-F-E Micro ATX AM3 Motherboard,N/A,N/A,N/A,https://images-na.ssl-images-amazon.com/images/I/514sPRFxG5L.jpg,80,AM3,NVIDIA GeForce 6100,DDR3,0,2,4,1,0,0,N/A,,No,Micro-ATX
ASRock FATAL1TY 970 PERFORMANCE/3.1 ATX AM3+/AM3 Motherboard,N/A,N/A,N/A,https://images-eu.ssl-images-amazon.com/images/I/61KI4gySKBL.jpg,80,AM3+/AM3,AMD 970,DDR3,0,4,64,3,2,1,6,1x 1GB/s,No,ATX
Gigabyte GA-78LMT-USB3 Micro ATX AM3+ Motherboard,3.8,N/A,N/A,https://cdna.pcpartpicker.com/static/forever/images/product/cdfe3f4184c6c151028e00f9abdda6a9.256p.jpg,80,AM3+,AMD 760G,DDR3,0,4,32,1,1,0,N/A,1x 1GB/s,No,Micro-ATX
Asus M5A78L-M LE/USB3 Micro ATX AM3+ Motherboard,N/A,N/A,N/A,https://images-eu.ssl-images-amazon.com/images/I/61bQGqogH0L.jpg,80,AM3+,AMD 760G,DDR3,0,2,16,1,1,0,N/A,1x 1GB/s,No,Micro-ATX
ASRock 970 Pro3 R2.0 ATX AM3+ Motherboard,4.4,N/A,N/A,https://m.media-amazon.com/images/I/41kOZCCRgmL.jpg,80,AM3+,AMD 970,DDR3,0,4,64,2,1,0,6,1x 1GB/s,No,ATX
ASRock 970 Pro3 ATX AM3+ Motherboard,N/A,N/A,N/A,https://cdna.pcpartpicker.com/static/forever/images/product/c68e404396c1365b98c3bdce95f0fecd.256p.jpg,80,AM3+,AMD 970,DDR3,0,4,32,2,1,0,6,1x 1GB/s,No,ATX
Biostar A960D+ Micro ATX AM3+ Motherboard,3.2,N/A,N/A,https://images-na.ssl-images-amazon.com/images/I/510vfQ3%2BGEL.jpg,80,AM3+,AMD 760G,DDR3,0,2,16,1,1,0,N/A,1x 1GB/s,No,Micro-ATX
ASRock A785GM-LE/128M Micro ATX AM3/AM2+/AM2 Motherboard,N/A,67.0,https://www.amazon.com/dp/B0031M9SPC?tag=pcpapi-20&linkCode=ogi&th=1&psc=1,https://images-na.ssl-images-amazon.com/images/I/61UIqyNyMdL.jpg,80,AM3/AM2+/AM2,AMD 785G,DDR2,0,2,8,1,1,0,N/A,1x 1GB/s,No,Micro-ATX
ASRock 880GM-LE FX Micro ATX AM3+ Motherboard,N/A,N/A,N/A,https://images-na.ssl-images-amazon.com/images/I/61PB83Wi%2BdL.jpg,80,AM3+,AMD 880G,DDR3,0,2,8,1,1,0,N/A,1x 1GB/s,No,Micro-ATX
Zotac 890GXITX-A-E Mini ITX AM3 Motherboard,N/A,N/A,N/A,https://images-na.ssl-images-amazon.com/images/I/51oe2Ro%2B6-L.jpg,80,AM3,AMD 890GX,DDR3,0,2,8,0,1,0,4,1x 1GB/s,Wi-Fi 4 (2.4 GHz only),Mini-ITX
Zotac GF6100-E-E Mini ITX AM3/AM2+/AM2 Motherboard,N/A,N/A,N/A,https://images-na.ssl-images-amazon.com/images/I/610nTFMy4lL.jpg,80,AM3/AM2+/AM2,NVIDIA nForce 430 MCP,DDR2,0,2,4,0,1,0,N/A,1x 1GB/s,No,Mini-ITX
MSI B450M-A PRO MAX Micro ATX AM4 Motherboard,3.8,N/A,N/A,https://cdna.pcpartpicker.com/static/forever/images/product/3cc58081f734541491b2bfe3b23193cb.256p.jpg,80,AM4,AMD B450,DDR4,3733,2,64,1,1,1,4,1x 1GB/s,No,Micro-ATX
MSI A520M-A PRO Micro ATX AM4 Motherboard,4.0,69.98,https://www.amazon.com/dp/B08HHMCCXV?tag=pcpapi-20&linkCode=ogi&th=1&psc=1,https://cdna.pcpartpicker.com/static/forever/images/product/f210cab1260cc8cd402ee007cc382029.256p.jpg,80,AM4,AMD A520,DDR4,2666,2,64,1,1,1,4,1x 1GB/s,No,Micro-ATX
Gigabyte B450M K Micro ATX AM4 Motherboard,4.0,84.27,https://www.amazon.com/dp/B0BNYVSPPD?tag=pcpapi-20&linkCode=ogi&th=1&psc=1,https://cdna.pcpartpicker.com/static/forever/images/product/b9ebe8eb9d11bc4ac792b0b4ee3cfc22.256p.jpg,80,AM4,AMD B450,DDR4,0,2,64,1,1,1,4,1x 1GB/s,No,Micro-ATX
Asus TUF GAMING B450-PLUS II ATX AM4 Motherboard,4.5,227.14,https://www.amazon.com/dp/B08LCP4N8Q?tag=pcpapi-20&linkCode=ogi&th=1&psc=1,https://cdna.pcpartpicker.com/static/forever/images/product/aebabc14761abc7b8d7c75e47871290d.256p.jpg,80,AM4,AMD B450,DDR4,0,4,128,2,3,2,6,1x 1GB/s,No,ATX
MSI B450 TOMAHAWK MAX II ATX AM4 Motherboard,4.2,N/A,N/A,https://cdna.pcpartpicker.com/static/forever/images/product/118d595f83da3a4df004e96aeb90b6b1.256p.jpg,80,AM4,AMD B450,DDR4,0,4,128,2,3,1,6,1x 1GB/s,No,ATX
Gigabyte B450 AORUS M Micro ATX AM4 Motherboard,4.6,153.9,https://www.amazon.com/dp/B07FWY246F?tag=pcpapi-20&linkCode=ogi&th=1&psc=1,https://cdna.pcpartpicker.com/static/forever/images/product/9c229eef9d9724da36a40412ab564c17.256p.jpg,80,AM4,AMD B450,DDR4,0,4,64,2,1,1,6,1x 1GB/s,No,Micro-ATX
Gigabyte B550 AORUS PRO AC ATX AM4 Motherboard,4.7,306.4,https://www.amazon.com/dp/B089FTMG2B?tag=pcpapi-20&linkCode=ogi&th=1&psc=1,https://cdna.pcpartpicker.com/static/forever/images/product/1009a4848207e1aef6dc810d47ba4b38.256p.jpg,80,AM4,AMD B550,DDR4,0,4,128,3,2,2,6,1x 2.5GB/s,Wi-Fi 5,ATX
Gigabyte A520M H Micro ATX AM4 Motherboard,N/A,N/A,N/A,https://cdna.pcpartpicker.com/static/forever/images/product/63b64f6b10bbfb2c406fdbf40bde777d.256p.jpg,80,AM4,AMD A520,DDR4,0,2,64,1,2,1,4,1x 1GB/s,No,Micro-ATX
MSI MAG B550M MORTAR Micro ATX AM4 Motherboard,4.5,N/A,N/A,https://cdna.pcpartpicker.com/static/forever/images/product/064b80e6db991487b8a673fedbf947f6.256p.jpg,80,AM4,AMD B550,DDR4,0,4,128,2,2,2,6,1x 2.5GB/s,No,Micro-ATX
Gigabyte B450M S2H Micro ATX AM4 Motherboard,4.3,N/A,N/A,https://cdna.pcpartpicker.com/static/forever/images/product/4c0cef1aab6e43c455a289e1bcb02d15.256p.jpg,80,AM4,AMD B450,DDR4,0,2,32,1,2,1,4,1x 1GB/s,No,Micro-ATX
MSI MPG B550 GAMING CARBON WIFI ATX AM4 Motherboard,4.5,399.9,https://www.amazon.com/dp/B08BWZGSHB?tag=pcpapi-20&linkCode=ogi&th=1&psc=1,https://cdna.pcpartpicker.com/static/forever/images/product/cab701421ba984a3d3e69e6781624d1d.256p.jpg,80,AM4,AMD B550,DDR4,0,4,128,2,3,2,6,1x 2.5GB/s,Wi-Fi 6,ATX
Asus TUF GAMING B550M-PLUS (WI-FI) Micro ATX AM4 Motherboard,4.3,208.5,https://www.amazon.com/dp/B088VXTBWR?tag=pcpapi-20&linkCode=ogi&th=1&psc=1,https://cdna.pcpartpicker.com/static/forever/images/product/730c49e4ce20f872fe43a7c9a53b775f.256p.jpg,80,AM4,AMD B550,DDR4,0,4,128,2,1,2,4,1x 2.5GB/s,Wi-Fi 6,Micro-ATX
Gigabyte X570 AORUS ULTRA ATX AM4 Motherboard,4.6,N/A,N/A,https://cdna.pcpartpicker.com/static/forever/images/product/98611dd0985f37fc66676d41b2588727.256p.jpg,80,AM4,AMD X570,DDR4,0,4,128,3,2,3,6,1x 1GB/s,Wi-Fi 6,ATX
MSI MAG B550M BAZOOKA Micro ATX AM4 Motherboard,4.8,N/A,N/A,https://cdna.pcpartpicker.com/static/forever/images/product/a17c97dadd5b6357253e2b6ac02b3674.256p.jpg,80,AM4,AMD B550,DDR4,0,4,128,1,2,2,4,1x 1GB/s,No,Micro-ATX
Gigabyte B550 AORUS PRO ATX AM4 Motherboard,4.4,N/A,https://youtu.be/JxczZChFaZI?t=927,https://cdna.pcpartpicker.com/static/forever/images/product/b22b15a301bbfba8670a17c926e8669f.256p.jpg,80,AM4,AMD B550,DDR4,0,4,128,3,2,2,6,1x 2.5GB/s,No,ATX
Asus ROG Crosshair VII Hero (Wi-Fi) ATX AM4 Motherboard,4.5,N/A,N/A,https://cdna.pcpartpicker.com/static/forever/images/product/9b0c678ccf7522e6ad454d3976a2e174.256p.jpg,80,AM4,AMD X470,DDR4,0,4,64,3,2,2,6,1x 1GB/s,Wi-Fi 5,ATX
MSI X470 GAMING PRO ATX AM4 Motherboard,4.6,N/A,N/A,https://cdna.pcpartpicker.com/static/forever/images/product/dcb6611f58da74d1a2fbc3425e093cb1.256p.jpg,80,AM4,AMD X470,DDR4,0,4,64,3,3,2,6,1x 1GB/s,No,ATX
Asus Pro WS X570-ACE ATX AM4 Motherboard,4.0,589.0,https://www.amazon.com/dp/B07SYWKXJV?tag=pcpapi-20&linkCode=ogi&th=1&psc=1,https://cdna.pcpartpicker.com/static/forever/images/product/9272c6b3390c5ae9d4aecfee85bb45fa.256p.jpg,80,AM4,AMD X570,DDR4,0,4,128,3,1,2,4,1x 1GB/s,No,ATX
Gigabyte B550 AORUS PRO AX ATX AM4 Motherboard,4.7,N/A,N/A,https://cdna.pcpartpicker.com/static/forever/images/product/ea6f903c1b15ab06b1f0062a6c6f1eb2.256p.jpg,80,AM4,AMD B550,DDR4,0,4,128,3,2,2,6,1x 2.5GB/s,Wi-Fi 6,ATX
ASRock X570 Phantom Gaming X ATX AM4 Motherboard,5.0,N/A,N/A,https://m.media-amazon.com/images/I/51wxYWXoUtL.jpg,80,AM4,AMD X570,DDR4,0,4,128,3,2,3,8,1x 1GB/s + 1x 2.5GB/s,Wi-Fi 6,ATX
ASRock X570 Extreme4 ATX AM4 Motherboard,3.0,N/A,N/A,https://cdna.pcpartpicker.com/static/forever/images/product/2d1b2aac65d64d9f823e33f0680fa5c3.256p.jpg,80,AM4,AMD X570,DDR4,0,4,128,2,3,2,8,1x 1GB/s,No,ATX
MSI B450M PRO-M2 V2 Micro ATX AM4 Motherboard,4.0,N/A,N/A,https://cdna.pcpartpicker.com/static/forever/images/product/0688cff3c45e71449a2be6441455301b.256p.jpg,80,AM4,AMD B450,DDR4,0,2,32,1,2,1,4,1x 1GB/s,No,Micro-ATX
MSI B550M PRO-DASH Micro ATX AM4 Motherboard,N/A,N/A,N/A,https://static/forever/img/no-image.png,80,AM4,AMD B550,DDR4,0,4,128,1,2,2,4,1x 1GB/s,No,Micro-ATX
MSI A520M PRO-C DASH Micro ATX AM4 Motherboard,N/A,N/A,N/A,https://m.media-amazon.com/images/I/51ghAuO3E2S.jpg,80,AM4,AMD A520,DDR4,0,2,64,1,2,1,4,1x 1GB/s,No,Micro-ATX
ASRock X570 Phantom Gaming-ITX/TB3 Mini ITX AM4 Motherboard,3.7,N/A,N/A,https://cdna.pcpartpicker.com/static/forever/images/product/896d25ea1d8ea692bf45a9e527dfb076.256p.jpg,80,AM4,AMD X570,DDR4,0,2,64,1,0,1,4,1x 1GB/s,Wi-Fi 6,Mini-ITX
Gigabyte X570SI AORUS PRO AX Mini ITX AM4 Motherboard,4.7,N/A,N/A,https://cdna.pcpartpicker.com/static/forever/images/product/bb7fb2cc19909b2f9e8af87a0058782d.256p.jpg,80,AM4,AMD X570,DDR4,0,2,64,1,0,2,4,1x 1GB/s,Wi-Fi 6,Mini-ITX
MSI PRO B650M-A WIFI Micro ATX AM5 Motherboard,4.4,139.9,https://www.amazon.com/dp/B0BHBZRW66?tag=pcpapi-20&linkCode=ogi&th=1&psc=1,https://cdna.pcpartpicker.com/static/forever/images/product/a7ffc5ab34c099836bb0ff9f9dfcab6d.256p.jpg,80,AM5,AMD B650,DDR5,0,4,192,2,1,2,4,1x 2.5GB/s,Wi-Fi 6E,Micro-ATX
MSI MAG X670E TOMAHAWK WIFI ATX AM5 Motherboard,4.5,224.0,https://www.amazon.com/dp/B0BYB3PGQW?tag=pcpapi-20&linkCode=ogi&th=1&psc=1,https://cdna.pcpartpicker.com/static/forever/images/product/c4516e2f81a19d4c9045028a3bae013b.256p.jpg,80,AM5,AMD X670E,DDR5,0,4,192,3,1,4,4,1x 2.5GB/s,Wi-Fi 6E,ATX
Asus TUF GAMING B650M-PLUS WIFI Micro ATX AM5 Motherboard,5.0,189.9,https://www.amazon.com/dp/B0BHMW2L8B?tag=pcpapi-20&linkCode=ogi&th=1&psc=1,https://cdna.pcpartpicker.com/static/forever/images/product/41f2fc275ab34cc9fcd97bea2a63ba7d.256p.jpg,80,AM5,AMD B650,DDR5,0,4,192,2,1,2,4,1x 2.5GB/s,Wi-Fi 6,Micro-ATX
ASRock B650E STEEL LEGEND WIFI ATX AM5 Motherboard,4.4,199.9,https://click.linksynergy.com/deeplink?id=8BacdVP0GFs&mid=44583&murl=https%3A%2F%2Fwww.newegg.com%2Fasrock-b650e-steel-legend-wifi%2Fp%2FN82E16813162081,https://cdna.pcpartpicker.com/static/forever/images/product/4b64346ef710dff8dd8aff4bf2077131.256p.jpg,80,AM5,AMD B650E,DDR5,0,4,192,2,0,3,2,1x 2.5GB/s,Wi-Fi 6E,ATX
Asus PROART B650-CREATOR ATX AM5 Motherboard,5.0,N/A,N/A,https://cdna.pcpartpicker.com/static/forever/images/product/dd4cf8735aed68d6aafb67c7fe43d5a5.256p.jpg,80,AM5,AMD B650,DDR5,2400,4,192,3,1,3,4,1x 1GB/s + 1x 2.5GB/s,No,ATX
Asus PRIME B650M-A-CSM Micro ATX AM5 Motherboard,N/A,142.59,https://www.amazon.com/dp/B0BPRK5WVM?tag=pcpapi-20&linkCode=ogi&th=1&psc=1,https://cdna.pcpartpicker.com/static/forever/images/product/924954f164466be7ba031d7aac3daaca.256p.jpg,80,AM5,AMD B650,DDR5,0,4,128,3,0,2,4,1x 2.5GB/s,No,Micro-ATX
Gigabyte A620M C Micro ATX AM5 Motherboard,N/A,N/A,N/A,https://cdna.pcpartpicker.com/static/forever/images/product/b37fdf19135c96a2fca8a2a0c754a34b.256p.jpg,80,AM5,AMD A620,DDR5,0,4,192,4,0,3,4,1x 1GB/s,Wi-Fi 5,Micro-ATX
Asus PRIME A620M-K-CSM Micro ATX AM5 Motherboard,N/A,N/A,N/A,https://static/forever/img/no-image.png,80,AM5,AMD A620,DDR5,2666,2,96,1,1,1,4,1x 1GB/s,No,Micro-ATX
MSI TRX40 PRO WIFI ATX sTRX4 Motherboard,N/A,N/A,N/A,https://cdna.pcpartpicker.com/static/forever/images/product/2844c750b1de91629131682de142ad05.256p.jpg,80,sTRX4,AMD TRX40,DDR4,0,8,256,4,1,2,8,2x 1GB/s,Wi-Fi 6,ATX
