name,rating,price,shop_url,image_url,type,efficiency,wattage,lenght
Silverstone SFX 500 W 80+ Gold Certified Fully Modular SFX Power Supply,4.4,112.9,https://www.amazon.com/dp/B00SD9IORQ?tag=pcpapi-20&linkCode=ogi&th=1&psc=1,https://cdna.pcpartpicker.com/static/forever/images/product/25aa74d682bfbb478cc7089f30086e4b.256p.jpg,Fully Modular,80+ Gold,500,130.0
be quiet! SFX L Power 500 W 80+ Gold Certified Fully Modular SFX Power Supply,4.3,140.75,https://www.amazon.com/dp/B07MCGSFN9?tag=pcpapi-20&linkCode=ogi&th=1&psc=1,https://cdna.pcpartpicker.com/static/forever/images/product/933b1005478f139d7caf504efce06dad.256p.jpg,Fully Modular,80+ Gold,500,130.0
Fractal Design Ion SFX 500G 500 W 80+ Gold Certified Fully Modular SFX Power Supply,3.9,0.0,unknown,https://m.media-amazon.com/images/I/41d4XSLwWML.jpg,Fully Modular,80+ Gold,500,125.0
Silverstone SX500-G 500 W 80+ Gold Certified Fully Modular SFX Power Supply,4.3,119.9,https://www.amazon.com/dp/B075M5FRQS?tag=pcpapi-20&linkCode=ogi&th=1&psc=1,https://cdna.pcpartpicker.com/static/forever/images/product/c011e909a23ae134119f5be65fe97630.256p.jpg,Fully Modular,80+ Gold,500,100.0
SeaSonic FOCUS SGX 500 W 80+ Gold Certified Fully Modular SFX Power Supply,5.0,0.0,unknown,https://cdna.pcpartpicker.com/static/forever/images/product/8016f90e87c991b45fa23eb4d64b04bd.256p.jpg,Fully Modular,80+ Gold,500,125.0
SHARKOON SilentStorm 500 W 80+ Gold Certified Fully Modular SFX Power Supply,4.7,197.78,https://www.amazon.com/dp/B00W4IVXFW?tag=pcpapi-20&linkCode=ogi&th=1&psc=1,https://m.media-amazon.com/images/I/51wdz5LHGpL.jpg,Fully Modular,80+ Gold,500,130.0
FSP Group Dagger 500 500 W 80+ Gold Certified Fully Modular SFX Power Supply,0.0,0.0,unknown,https://m.media-amazon.com/images/I/51DnHFZEYvL.jpg,Fully Modular,80+ Gold,500,110.0
Corsair SF600 (2018) 600 W 80+ Platinum Certified Fully Modular SFX Power Supply,4.8,0.0,unknown,unknown,Fully Modular,80+ Platinum,600,100.0
Corsair SF600 (2016) 600 W 80+ Gold Certified Fully Modular SFX Power Supply,4.6,0.0,unknown,unknown,Fully Modular,80+ Gold,600,100.0
be quiet! SFX L Power 600 W 80+ Gold Certified Fully Modular SFX Power Supply,0.0,137.46,https://www.amazon.com/dp/B07MT3VFMB?tag=pcpapi-20&linkCode=ogi&th=1&psc=1,https://cdna.pcpartpicker.com/static/forever/images/product/933b1005478f139d7caf504efce06dad.256p.jpg,Fully Modular,80+ Gold,600,130.0
Cooler Master MWE White V2 230V 400 W 80+ Certified ATX Power Supply,0.0,0.0,unknown,https://cdna.pcpartpicker.com/static/forever/images/product/e88140fd86c0803bba2a2f1b33145129.256p.jpg,Non Modular,80+,400,140.0
Cooler Master Elite 400 W ATX Power Supply,0.0,0.0,unknown,https://cdna.pcpartpicker.com/static/forever/images/product/17e8927876225391ec44262a2e7bd1ac.256p.jpg,Non Modular,unknown,400,139.0
Corsair VS450 450 W ATX Power Supply,3.9,0.0,unknown,https://cdna.pcpartpicker.com/static/forever/images/product/c6bf9f463e6214057bbad6a610f8d9d4.256p.jpg,Non Modular,unknown,450,140.0
Fractal Design Edison M 450 W 80+ Gold Certified Semi-modular ATX Power Supply,5.0,0.0,unknown,https://cdna.pcpartpicker.com/static/forever/images/product/505a1bf351d5228216b6212421d1609a.256p.jpg,Semi Modular,80+ Gold,450,160.0
Rosewill Fortress 450 W 80+ Platinum Certified ATX Power Supply,0.0,0.0,unknown,https://m.media-amazon.com/images/I/41OHtJGjPwL.jpg,Non Modular,80+ Platinum,450,165.0
Antec NeoECO Gold ZEN 500 W 80+ Gold Certified ATX Power Supply,5.0,0.0,unknown,https://cdna.pcpartpicker.com/static/forever/images/product/b018b2e29b9b2f83a620a99af8471c78.256p.jpg,Non Modular,80+ Gold,500,140.0
Zalman ZM500-RS 500 W 80+ Certified ATX Power Supply,0.0,0.0,unknown,https://images-na.ssl-images-amazon.com/images/I/513AzObByKL.jpg,Non Modular,80+,500,140.0
XFX XT 500 W 80+ Bronze Certified ATX Power Supply,5.0,0.0,unknown,https://images-na.ssl-images-amazon.com/images/I/51Fj102BxXL.jpg,Non Modular,80+ Bronze,500,140.0
CoolMax CL-500B 500 W ATX Power Supply,0.0,48.8,https://www.amazon.com/dp/B002PZTIV0?tag=pcpapi-20&linkCode=ogi&th=1&psc=1,https://images-na.ssl-images-amazon.com/images/I/41hd8QEAEVL.jpg,Non Modular,unknown,500,160.0
Thermaltake Smart BM2 550 W 80+ Bronze Certified Semi-modular ATX Power Supply,4.6,0.0,https://cultists.network/140/psu-tier-list/,https://m.media-amazon.com/images/I/41y5L0wJazL.jpg,Semi Modular,80+ Bronze,550,160.0
Asus TUF Gaming B 550 W 80+ Bronze Certified ATX Power Supply,5.0,66.2,https://www.amazon.com/dp/B08MV9694K?tag=pcpapi-20&linkCode=ogi&th=1&psc=1,https://cdna.pcpartpicker.com/static/forever/images/product/da19df68c60fc5677ab341a161d4413d.256p.jpg,Non Modular,80+ Bronze,550,150.0
EVGA SuperNOVA 550 GS 550 W 80+ Gold Certified Fully Modular ATX Power Supply,4.9,0.0,unknown,https://cdna.pcpartpicker.com/static/forever/images/product/5b46c979b1e298f95d014038da834e09.256p.jpg,Fully Modular,80+ Gold,550,150.0
Rosewill ARC 550 550 W 80+ Bronze Certified ATX Power Supply,4.4,0.0,unknown,https://m.media-amazon.com/images/I/41CDsNjadbL.jpg,Non Modular,80+ Bronze,550,165.0
Cougar CMX550V3 550 W 80+ Bronze Certified Semi-modular ATX Power Supply,0.0,0.0,unknown,https://cdna.pcpartpicker.com/static/forever/images/product/1b5ba310e8c29cfe2d36dcd1b771d40a.med.256p.jpg,Semi Modular,80+ Bronze,550,160.0
Cooler Master VSM 550 W 80+ Gold Certified Semi-modular ATX Power Supply,5.0,0.0,unknown,https://images-na.ssl-images-amazon.com/images/I/519prUc1%2BdL.jpg,Semi Modular,80+ Gold,550,140.0
XFX P1-550S-XXBA 550 W 80+ Bronze Certified ATX Power Supply,0.0,0.0,unknown,https://upload.wikimedia.org/wikipedia/commons/thumb/a/ac/No_image_available.svg/256px-No_image_available.jpg,Non Modular,80+ Bronze,550,180.0
Cougar VTE 600 W 80+ Bronze Certified ATX Power Supply,3.0,74.04,https://www.amazon.com/dp/B071RV6FPX?tag=pcpapi-20&linkCode=ogi&th=1&psc=1,https://cdna.pcpartpicker.com/static/forever/images/product/d7fc06a72a9a445b18814b618cb9fe3f.256p.jpg,Non Modular,80+ Bronze,600,0.0
Thermaltake TR2 600 W 80+ Bronze Certified ATX Power Supply,3.0,0.0,unknown,https://images-na.ssl-images-amazon.com/images/I/513I568hapL.jpg,Non Modular,80+ Bronze,600,140.0
be quiet! PURE POWER 9 CM 600 W 80+ Silver Certified Semi-modular ATX Power Supply,4.0,0.0,unknown,https://m.media-amazon.com/images/I/41vsUswn+VL.jpg,Semi Modular,80+ Silver,600,160.0
Silverstone NJ600 600 W 80+ Titanium Certified Fully Modular Fanless ATX Power Supply,0.0,0.0,unknown,https://upload.wikimedia.org/wikipedia/commons/thumb/a/ac/No_image_available.svg/256px-No_image_available.jpg,Fully Modular,80+ Titanium,600,170.0
Thermaltake Toughpower Grand RGB 650 W 80+ Gold Certified Fully Modular ATX Power Supply,3.8,116.9,https://www.amazon.com/dp/B01N7GD5HN?tag=pcpapi-20&linkCode=ogi&th=1&psc=1,https://cdna.pcpartpicker.com/static/forever/images/product/83e4371175c6091bde1dd3e6dc1e48ce.256p.jpg,Fully Modular,80+ Gold,650,160.0
Corsair TX650M 650 W 80+ Gold Certified Semi-modular ATX Power Supply,4.7,0.0,unknown,https://cdna.pcpartpicker.com/static/forever/images/product/ce3656f89d1a4d937f4390362cdfab3a.256p.jpg,Semi Modular,80+ Gold,650,140.0
Cooler Master MWE Bronze 650 650 W 80+ Bronze Certified ATX Power Supply,5.0,0.0,unknown,https://cdna.pcpartpicker.com/static/forever/images/product/d362cef866c7c705972003a8fa724000.256p.jpg,Non Modular,80+ Bronze,650,140.0
Cooler Master V650 650 W 80+ Gold Certified Fully Modular ATX Power Supply,4.7,138.6,https://www.amazon.com/dp/B0185C5XXS?tag=pcpapi-20&linkCode=ogi&th=1&psc=1,https://m.media-amazon.com/images/I/41-p9gtd72L.jpg,Fully Modular,80+ Gold,650,140.0
SilentiumPC Supremo FM2 650 W 80+ Gold Certified Fully Modular ATX Power Supply,5.0,0.0,unknown,https://cdna.pcpartpicker.com/static/forever/images/product/ffb4bdfa5eed6f45bc68cd3a57b69f29.256p.jpg,Fully Modular,80+ Gold,650,160.0
Thermaltake Smart DPS G 650 W 80+ Gold Certified Semi-modular ATX Power Supply,0.0,0.0,unknown,https://m.media-amazon.com/images/I/51Hp-9nQDXL.jpg,Semi Modular,80+ Gold,650,160.0
RIOTORO ONYX 650 650 W 80+ Bronze Certified Semi-modular ATX Power Supply,5.0,0.0,https://linustechtips.com/main/topic/1045610-new-psu-tier-list/,https://m.media-amazon.com/images/I/51Ua4oajpUL.jpg,Semi Modular,80+ Bronze,650,140.0
XFX P1-650X-CAH9 650 W 80+ Bronze Certified Fully Modular ATX Power Supply,0.0,0.0,unknown,https://upload.wikimedia.org/wikipedia/commons/thumb/a/ac/No_image_available.svg/256px-No_image_available.jpg,Fully Modular,80+ Bronze,650,0.0
Deepcool DA700N 700 W 80+ Bronze Certified ATX Power Supply,0.0,0.0,unknown,https://cdna.pcpartpicker.com/static/forever/images/product/c9831812311e57fe99dc98cc0fa9e031.256p.jpg,Non Modular,80+ Bronze,700,140.0
Rosewill LEPTON 700 700 W 80+ Gold Certified Semi-modular ATX Power Supply,4.5,0.0,unknown,https://m.media-amazon.com/images/I/51oAi05RWXL.jpg,Semi Modular,80+ Gold,700,140.0
Raidmax RX-700AC 700 W 80+ Bronze Certified Semi-modular ATX Power Supply,4.0,0.0,unknown,https://upload.wikimedia.org/wikipedia/commons/thumb/a/ac/No_image_available.svg/256px-No_image_available.jpg,Semi Modular,80+ Bronze,700,140.0
Asus ROG Strix 750 W 80+ Gold Certified Fully Modular ATX Power Supply,4.7,130.3,https://www.amazon.com/dp/B07YXKMGX7?tag=pcpapi-20&linkCode=ogi&th=1&psc=1,https://cdna.pcpartpicker.com/static/forever/images/product/ba70a2eb144a1dafb714c0f37eaabc30.256p.jpg,Fully Modular,80+ Gold,750,160.0
EVGA 750 BP 750 W 80+ Bronze Certified ATX Power Supply,0.0,62.9,https://api.bestbuy.com/click/-/6505301/pdp?IPID=79301,https://cdna.pcpartpicker.com/static/forever/images/product/e95926619756cae8b7ce75ac0ca89961.256p.jpg,Non Modular,80+ Bronze,750,120.0
Cooler Master MWE Gold 750 750 W 80+ Gold Certified Fully Modular ATX Power Supply,4.8,0.0,unknown,https://cdna.pcpartpicker.com/static/forever/images/product/14006f097772a18096431e1627300499.256p.jpg,Fully Modular,80+ Gold,750,140.0
NOX Hummer GD 750 W 80+ Gold Certified ATX Power Supply,0.0,0.0,unknown,https://m.media-amazon.com/images/I/4164Y8LDFnL.jpg,Non Modular,80+ Gold,750,140.0
Thermaltake Toughpower iRGB PLUS 750 750 W 80+ Gold Certified Fully Modular ATX Power Supply,3.0,129.9,https://click.linksynergy.com/deeplink?id=8BacdVP0GFs&mid=44583&murl=https%3A%2F%2Fwww.newegg.com%2Fthermaltake-toughpower-irgb-plus-750w-gold-tt-premium-edition-ps-tpi-0750f3fdga-1%2Fp%2FN82E16817153399%3Fitem%3D9SIA8EFF1R6201,https://cdna.pcpartpicker.com/static/forever/images/product/36c3f2162cb7c105b5aceb9d291a4ccc.256p.jpg,Fully Modular,80+ Gold,750,160.0
XFX XTR 750 W 80+ Gold Certified Fully Modular ATX Power Supply,4.9,0.0,unknown,https://m.media-amazon.com/images/I/41c7TcqKJqL.jpg,Fully Modular,80+ Gold,750,0.0
Fractal Design Integra M 750 W 80+ Bronze Certified Semi-modular ATX Power Supply,3.0,0.0,unknown,https://cdna.pcpartpicker.com/static/forever/images/product/61da99297b0560296b459072083c922b.256p.jpg,Semi Modular,80+ Bronze,750,140.0
Super Flower Leadex Platinum 750 W 80+ Platinum Certified Fully Modular ATX Power Supply,5.0,0.0,unknown,https://cdna.pcpartpicker.com/static/forever/images/product/d5fdd126efadaa70ee8458fb4245fd2a.256p.jpg,Fully Modular,80+ Platinum,750,165.0
Kingwin Lazer 750 W 80+ Certified Fully Modular ATX Power Supply,0.0,0.0,unknown,https://cdna.pcpartpicker.com/static/forever/images/product/6d8883829ec4334a824d3e3eb0181050.256p.jpg,Fully Modular,80+,750,165.0
Corsair GS800 800 W 80+ Bronze Certified ATX Power Supply,4.6,0.0,unknown,https://m.media-amazon.com/images/I/51NyUsZsD6L.jpg,Non Modular,80+ Bronze,800,160.0
Thermaltake Toughpower GF1 PE 850 W 80+ Gold Certified Fully Modular ATX Power Supply,4.7,106.94,https://www.amazon.com/dp/B07PZR9JLT?tag=pcpapi-20&linkCode=ogi&th=1&psc=1,https://cdna.pcpartpicker.com/static/forever/images/product/134c2df91872591a7ab32387f3aa5a1b.256p.jpg,Fully Modular,80+ Gold,850,160.0
SeaSonic FOCUS PX 850 W 80+ Platinum Certified Fully Modular ATX Power Supply,5.0,0.0,unknown,https://cdna.pcpartpicker.com/static/forever/images/product/3f102f6accc41e69cdba76a63259abae.256p.jpg,Fully Modular,80+ Platinum,850,140.0
be quiet! Straight Power 12 850 W 80+ Platinum Certified Fully Modular ATX Power Supply,4.8,124.9,https://www.amazon.com/dp/B0CC7R91V7?tag=pcpapi-20&linkCode=ogi&th=1&psc=1,https://cdna.pcpartpicker.com/static/forever/images/product/7538bfbc579094f3dc35c3d8e5ae37b0.256p.jpg,Fully Modular,80+ Platinum,850,160.0
Thermaltake Smart Pro RGB 850 W 80+ Bronze Certified Fully Modular ATX Power Supply,4.7,0.0,unknown,https://cdna.pcpartpicker.com/static/forever/images/product/a070324480a65f4dd777684a249b489f.256p.jpg,Fully Modular,80+ Bronze,850,170.0
Corsair CS850M 850 W 80+ Gold Certified Semi-modular ATX Power Supply,5.0,0.0,unknown,https://images-na.ssl-images-amazon.com/images/I/41t3vC3pZSL.jpg,Semi Modular,80+ Gold,850,160.0
Thermaltake Toughpower iRGB PLUS 850 Platinum 850 W 80+ Platinum Certified Fully Modular ATX Power Supply,3.0,0.0,unknown,https://m.media-amazon.com/images/I/410U6F036uL.jpg,Fully Modular,80+ Platinum,850,160.0
Thermaltake Toughpower GF A3 - TT Premium Edition 850 W 80+ Gold Certified Fully Modular ATX Power Supply,0.0,0.0,unknown,https://cdna.pcpartpicker.com/static/forever/images/product/3ef3786cf13096d367d314e5498fffc2.256p.jpg,Fully Modular,80+ Gold,850,140.0
Athena Power AP-P4ATX85FEP 850 W ATX Power Supply,0.0,0.0,unknown,https://m.media-amazon.com/images/I/41+G9wQqjwL.jpg,Non Modular,unknown,850,158.0
Gigabyte UD1000GM 1000 W 80+ Gold Certified Fully Modular ATX Power Supply,5.0,129.9,https://www.amazon.com/dp/B09VKF3CFC?tag=pcpapi-20&linkCode=ogi&th=1&psc=1,https://cdna.pcpartpicker.com/static/forever/images/product/36a1106bfef38acdd03cdaf5ba5c8a08.256p.jpg,Fully Modular,80+ Gold,1000,140.0
Gigabyte P1000GM 1000 W 80+ Gold Certified Fully Modular ATX Power Supply,0.0,0.0,unknown,https://cdna.pcpartpicker.com/static/forever/images/product/fc62954202f5e034004e9ab0973a8789.256p.jpg,Fully Modular,80+ Gold,1000,140.0
SeaSonic PRIME Ultra Platinum 1000 1000 W 80+ Platinum Certified Fully Modular ATX Power Supply,5.0,0.0,unknown,https://m.media-amazon.com/images/I/51IqS0fnl0L.jpg,Fully Modular,80+ Platinum,1000,170.0
be quiet! Power Zone 1000W 1000 W 80+ Bronze Certified Fully Modular ATX Power Supply,4.0,0.0,unknown,https://cdna.pcpartpicker.com/static/forever/images/product/70e08d3ae50f62682b3c1720ea52bc38.256p.jpg,Fully Modular,80+ Bronze,1000,175.0
Fractal Design Tesla R2 1000 W 80+ Gold Certified ATX Power Supply,0.0,0.0,unknown,https://images-na.ssl-images-amazon.com/images/I/412wt1tYXcL.jpg,Non Modular,80+ Gold,1000,165.0
Silverstone OP1000-P 1000 W 80+ Certified ATX Power Supply,0.0,0.0,unknown,https://images-na.ssl-images-amazon.com/images/I/41D9MC54WKL.jpg,Non Modular,80+,1000,150.0
Topower ZU-1050W 1050 W ATX Power Supply,0.0,0.0,unknown,https://m.media-amazon.com/images/I/51m8WKSZxsL.jpg,Non Modular,unknown,1050,139.0
Phanteks Revolt X 1200 W 80+ Platinum Certified Fully Modular ATX Power Supply,4.7,0.0,unknown,https://m.media-amazon.com/images/I/51bHBlypsDL.jpg,Fully Modular,80+ Platinum,1200,170.0
Rosewill TOKAMAK 1200 1200 W 80+ Titanium Certified Fully Modular ATX Power Supply,0.0,0.0,unknown,https://images-na.ssl-images-amazon.com/images/I/51mJOLHN62L.jpg,Fully Modular,80+ Titanium,1200,180.0
Topower TOP-1200W 1200 W 80+ Certified Fully Modular ATX Power Supply,0.0,0.0,unknown,https://upload.wikimedia.org/wikipedia/commons/thumb/a/ac/No_image_available.svg/256px-No_image_available.jpg,Fully Modular,80+,1200,175.0
Thermaltake Toughpower GF3 TT Premium 1350 W 80+ Gold Certified Fully Modular ATX Power Supply,0.0,178.5,https://www.amazon.com/dp/B0BF4BJBQB?tag=pcpapi-20&linkCode=ogi&th=1&psc=1,https://cdna.pcpartpicker.com/static/forever/images/product/b422e4dfe6da14ae8eff69a9dc7cbc9c.256p.jpg,Fully Modular,80+ Gold,1350,160.0
Asus ROG THOR 1600T Gaming 1600 W 80+ Titanium Certified Fully Modular ATX Power Supply,4.0,672.9,https://www.amazon.com/dp/B0BWH7LDN5?tag=pcpapi-20&linkCode=ogi&th=1&psc=1,https://cdna.pcpartpicker.com/static/forever/images/product/b22fb9713e4ad5dd4245dbec30740766.256p.jpg,Fully Modular,80+ Titanium,1600,190.0
