name,rating,price,shop_url,image_url,tdp,type,clock
Corsair Vengeance 16 GB (2 x 8 GB) DDR3-1600 CL9 Memory,4.8,77.9,https://www.amazon.com/dp/B006EWUO22?tag=pcpapi-20&linkCode=ogi&th=1&psc=1,https://m.media-amazon.com/images/I/51epHDwf7lL.jpg,2,DDR3,1600
Silicon Power SP016GLLTU160N22 16 GB (2 x 8 GB) DDR3-1600 CL11 Memory,4.5,14.9,https://www.amazon.com/dp/B07RDKRRKM?tag=pcpapi-20&linkCode=ogi&th=1&psc=1,https://cdna.pcpartpicker.com/static/forever/images/product/03862fe576104a6e89282ca9a5bc8148.256p.jpg,2,DDR3,1600
G.Skill Ripjaws 8 GB (2 x 4 GB) DDR3-1600 CL9 Memory,4.9,31.7,https://www.shareasale.com/r.cfm?u=530512&b=150&m=95635&urllink=www.memoryc.com%2F11420-8gb-g-skill-ddr3-pc3-12800-1600mhz-ripjaw-series-9-9-9-24-dual-channel-kit-for-intel-lga1156-am3.html,https://cdna.pcpartpicker.com/static/forever/images/product/33a0401a7ad66ac27e15195063a016a2.256p.jpg,2,DDR3,1600
Patriot Viper 3 16 GB (2 x 8 GB) DDR3-1866 CL10 Memory,4.6,22.9,https://www.amazon.com/dp/B00453R90W?tag=pcpapi-20&linkCode=ogi&th=1&psc=1,https://m.media-amazon.com/images/I/41FTZK2Nf7L.jpg,2,DDR3,1866
G.Skill Ripjaws X 16 GB (2 x 8 GB) DDR3-1600 CL10 Memory,4.7,36.9,https://click.linksynergy.com/deeplink?id=8BacdVP0GFs&mid=44583&murl=https%3A%2F%2Fwww.newegg.com%2Fg-skill-16gb-ddr3-1600%2Fp%2FN82E16820231489,https://cdna.pcpartpicker.com/static/forever/images/product/2352962913e9ad87a8a45ab417e202cf.256p.jpg,2,DDR3,1600
Samsung M378B5173DB0-CK0 4 GB (1 x 4 GB) DDR3-1600 CL11 Memory,4.0,18.8,https://www.amazon.com/dp/B00HNP1OGY?tag=pcpapi-20&linkCode=ogi&th=1&psc=1,https://m.media-amazon.com/images/I/412KwK7ry1L.jpg,1,DDR3,1600
Patriot Signature 8 GB (1 x 8 GB) DDR3-1600 CL11 Memory,5.0,10.7,https://www.amazon.com/dp/B007HILOWG?tag=pcpapi-20&linkCode=ogi&th=1&psc=1,https://cdna.pcpartpicker.com/static/forever/images/product/5390c9f7aba016f79464e40ca71a994b.256p.jpg,1,DDR3,1600
Kingston KVR1333D3N9/4G 4 GB (1 x 4 GB) DDR3-1333 CL9 Memory,3.0,21.22,https://www.amazon.com/dp/B002K23V1Q?tag=pcpapi-20&linkCode=ogi&th=1&psc=1,https://m.media-amazon.com/images/I/41I2G3qncqL.jpg,1,DDR3,1333
Kingston HyperX Fury 16 GB (2 x 8 GB) DDR3-1866 CL10 Memory,4.9,0.0,unknown,https://cdna.pcpartpicker.com/static/forever/images/product/f5e970b32d6341614fdafff924304d72.256p.jpg,2,DDR3,1866
Kingston KVR13N9S6/2 2 GB (1 x 2 GB) DDR3-1333 CL9 Memory,4.5,15.49,https://www.amazon.com/dp/B00HV6V56O?tag=pcpapi-20&linkCode=ogi&th=1&psc=1,https://cdna.pcpartpicker.com/static/forever/images/product/a3cbd50ab70038737cae88535d08d1db.256p.jpg,1,DDR3,1333
Corsair Vengeance Pro 16 GB (2 x 8 GB) DDR3-2400 CL11 Memory,4.9,0.0,unknown,https://cdna.pcpartpicker.com/static/forever/images/product/897f26d25460c45259a10dbbf46cbffc.256p.jpg,2,DDR3,2400
Samsung MV-3V4G3D/US 8 GB (2 x 4 GB) DDR3-1600 CL11 Memory,4.8,0.0,unknown,https://static/forever/img/no-image.png,2,DDR3,1600
Corsair Vengeance Pro 32 GB (4 x 8 GB) DDR3-1600 CL9 Memory,5.0,0.0,unknown,https://cdna.pcpartpicker.com/static/forever/images/product/86b79226ae4e37c2767cb6036842fc79.256p.jpg,4,DDR3,1600
PNY MD32768K4D3-1600-X9 32 GB (4 x 8 GB) DDR3-1600 CL9 Memory,0.0,0.0,unknown,https://m.media-amazon.com/images/I/51tXNygVVoL.jpg,4,DDR3,1600
Samsung MV-3V2G3/US 2 GB (1 x 2 GB) DDR3-1600 CL11 Memory,0.0,34.99,https://www.amazon.com/dp/B00591ZZ3M?tag=pcpapi-20&linkCode=ogi&th=1&psc=1,https://images-na.ssl-images-amazon.com/images/I/41J56KyZsgL.jpg,1,DDR3,1600
Kingston HyperX Savage 32 GB (4 x 8 GB) DDR3-2133 CL11 Memory,0.0,0.0,unknown,https://cdna.pcpartpicker.com/static/forever/images/product/2ecab0dba80dd88d232b526a50332200.256p.jpg,4,DDR3,2133
GeIL GeIL 16GB (2 x 8GB) 288-Pin DDR4 SDRAM DDR4 3600 (PC4 28800) Desktop Memory Model GALS416GB3600C18ADC 16 GB (2 x 8 GB) DDR4-3600 CL18 Memory,5.0,0.0,unknown,https://cdna.pcpartpicker.com/static/forever/images/product/9268a90b17874de36e20ca0e33af0463.256p.jpg,2,DDR4,3600
Silicon Power SP016GBLFU320B22 16 GB (2 x 8 GB) DDR4-3200 CL22 Memory,4.7,23.9,https://www.amazon.com/dp/B0924LFB3Z?tag=pcpapi-20&linkCode=ogi&th=1&psc=1,https://m.media-amazon.com/images/I/41tZyzkQWTS.jpg,2,DDR4,3200
ADATA XPG SPECTRIX D50 16 GB (2 x 8 GB) DDR4-3200 CL16 Memory,5.0,52.9,https://www.amazon.com/dp/B092G5Y6QP?tag=pcpapi-20&linkCode=ogi&th=1&psc=1,https://cdna.pcpartpicker.com/static/forever/images/product/cf2342d4b65626a38d05349ec71c82df.256p.jpg,2,DDR4,3200
Corsair Vengeance LPX 32 GB (2 x 16 GB) DDR4-3600 CL16 Memory,4.9,78.9,https://www.amazon.com/dp/B09DNPVR64?tag=pcpapi-20&linkCode=ogi&th=1&psc=1,https://cdna.pcpartpicker.com/static/forever/images/product/3e57f6f6fea599e8e36488d325102044.256p.jpg,2,DDR4,3600
TEAMGROUP T-Force Vulcan Z 16 GB (2 x 8 GB) DDR4-3200 CL16 Memory,4.9,30.9,https://www.amazon.com/dp/B07T62Y4YN?tag=pcpapi-20&linkCode=ogi&th=1&psc=1,https://cdna.pcpartpicker.com/static/forever/images/product/96753a64597c28e46bf80ef7064b214b.256p.jpg,2,DDR4,3200
Silicon Power XPOWER Turbine RGB 16 GB (2 x 8 GB) DDR4-3200 CL16 Memory,4.5,35.9,https://www.amazon.com/dp/B07R51H1F8?tag=pcpapi-20&linkCode=ogi&th=1&psc=1,https://cdna.pcpartpicker.com/static/forever/images/product/4006eff86a0df7cca9e6ee1018321621.256p.jpg,2,DDR4,3200
G.Skill Aegis 32 GB (2 x 16 GB) DDR4-2400 CL17 Memory,4.0,49.9,https://click.linksynergy.com/deeplink?id=8BacdVP0GFs&mid=44583&murl=https%3A%2F%2Fwww.newegg.com%2Fg-skill-32gb-ddr4-2400%2Fp%2FN82E16820232624,https://cdna.pcpartpicker.com/static/forever/images/product/3d982773833e1f43c65c3ef8110e87ca.256p.jpg,2,DDR4,2400
G.Skill Aegis 32 GB (2 x 16 GB) DDR4-3000 CL16 Memory,4.7,52.9,https://www.amazon.com/dp/B07CGW9QYC?tag=pcpapi-20&linkCode=ogi&th=1&psc=1,https://cdna.pcpartpicker.com/static/forever/images/product/bf642d2af83428f1f3bf198fc2f04f77.256p.jpg,2,DDR4,3000
Neo Forza FAYE 32 GB (2 x 16 GB) DDR4-4000 CL19 Memory,5.0,0.0,unknown,https://m.media-amazon.com/images/I/41LF9MU7yBL.jpg,2,DDR4,4000
TEAMGROUP T-Force Vulcan TUF Gaming Alliance 16 GB (2 x 8 GB) DDR4-3200 CL16 Memory,4.9,0.0,unknown,https://cdna.pcpartpicker.com/static/forever/images/product/b880042150d9c941a0528e7c244af4e6.256p.jpg,2,DDR4,3200
G.Skill Trident Z Royal 32 GB (2 x 16 GB) DDR4-3200 CL16 Memory,4.5,85.9,https://www.amazon.com/dp/B07N7SBSF4?tag=pcpapi-20&linkCode=ogi&th=1&psc=1,https://cdna.pcpartpicker.com/static/forever/images/product/a8ee4e88d64531f87c8b900443c175f7.256p.jpg,2,DDR4,3200
Corsair Vengeance LPX 32 GB (2 x 16 GB) DDR4-3600 CL18 Memory,0.0,0.0,unknown,https://cdna.pcpartpicker.com/static/forever/images/product/11742fd6eec55fde4e3ee3a79529a111.256p.jpg,2,DDR4,3600
Corsair Vengeance LPX 16 GB (2 x 8 GB) DDR4-3000 CL16 Memory,4.9,36.9,https://www.amazon.com/dp/B07B4G525F?tag=pcpapi-20&linkCode=ogi&th=1&psc=1,https://cdna.pcpartpicker.com/static/forever/images/product/e4bd808b09151a16fbdec0dbf447373a.256p.jpg,2,DDR4,3000
Kingston FURY Beast 64 GB (2 x 32 GB) DDR4-3600 CL18 Memory,0.0,0.0,unknown,https://cdna.pcpartpicker.com/static/forever/images/product/cb59eb5c514107b75045debf07c6c1a3.256p.jpg,2,DDR4,3600
Corsair Vengeance RGB Pro 16 GB (2 x 8 GB) DDR4-3600 CL16 Memory,4.3,65.9,https://www.amazon.com/dp/B08PW4QZP2?tag=pcpapi-20&linkCode=ogi&th=1&psc=1,https://cdna.pcpartpicker.com/static/forever/images/product/84878f266a76a34d97be89726f4b24fe.256p.jpg,2,DDR4,3600
Corsair Vengeance RGB Pro 32 GB (4 x 8 GB) DDR4-3600 CL16 Memory,0.0,131.9,https://www.amazon.com/dp/B08PW41WXH?tag=pcpapi-20&linkCode=ogi&th=1&psc=1,https://m.media-amazon.com/images/I/51pTfvjwsWL.jpg,4,DDR4,3600
G.Skill Aegis 16 GB (2 x 8 GB) DDR4-2133 CL15 Memory,4.3,32.0,https://www.shareasale.com/r.cfm?u=530512&b=150&m=95635&urllink=www.memoryc.com%2F26260-16gb-g-skill-ddr4-aegis-2133mhz-pc4-17000-cl15-dual-channel-memory-kit-2x8gb.html,https://m.media-amazon.com/images/I/41eopavju9L.jpg,2,DDR4,2133
Corsair Vengeance LPX 32 GB (4 x 8 GB) DDR4-2666 CL16 Memory,5.0,71.9,https://www.amazon.com/dp/B00OTJZTZE?tag=pcpapi-20&linkCode=ogi&th=1&psc=1,https://cdna.pcpartpicker.com/static/forever/images/product/317604ea1e10de994e7a8935a5318c6a.256p.jpg,4,DDR4,2666
ADATA XPG Z1 16 GB (2 x 8 GB) DDR4-3000 CL16 Memory,4.0,0.0,unknown,https://cdna.pcpartpicker.com/static/forever/images/product/2904c6202ef9e7c83997eccc5e4e283b.256p.jpg,2,DDR4,3000
Corsair Vengeance RGB 32 GB (2 x 16 GB) DDR5-5200 CL40 Memory,4.6,89.9,https://www.amazon.com/dp/B0B6PQC25X?tag=pcpapi-20&linkCode=ogi&th=1&psc=1,https://cdna.pcpartpicker.com/static/forever/images/product/b2d107d629e656f9f435ce9bd604f7e0.256p.jpg,2,DDR5,5200
Corsair Vengeance RGB 32 GB (2 x 16 GB) DDR5-6000 CL36 Memory,4.6,119.9,https://www.amazon.com/dp/B0B771BL4S?tag=pcpapi-20&linkCode=ogi&th=1&psc=1,https://cdna.pcpartpicker.com/static/forever/images/product/ebca1cc55cb7829ce3ed0b8a13efce7e.256p.jpg,2,DDR5,6000
Corsair Dominator Platinum RGB 32 GB (2 x 16 GB) DDR5-7600 CL36 Memory,0.0,197.9,https://go.corsair.com/c/79301/497986/8513?prodsku=CMT32GX5M2X7600C36&u=https%3A%2F%2Fwww.corsair.com%2Fus%2Fen%2Fp%2Fmemory%2FCMT32GX5M2X7600C36%2Fdominator-platinum-rgb-32gb-2x16gb-ddr5-dram-7600mhz-c36-memory-kit-black-cmt32gx5m2x7600c36&intsrc=CATF_3903,https://cdna.pcpartpicker.com/static/forever/images/product/a44770372e0cfd4867671bae0b9831e2.256p.jpg,2,DDR5,7600
G.Skill Trident Z5 RGB 32 GB (2 x 16 GB) DDR5-7600 CL36 Memory,5.0,149.9,https://www.amazon.com/dp/B0BJ84L4QT?tag=pcpapi-20&linkCode=ogi&th=1&psc=1,https://cdna.pcpartpicker.com/static/forever/images/product/e660d078704ffc288e8adadad5ba68bb.256p.jpg,2,DDR5,7600
G.Skill Trident Z5 RGB 32 GB (2 x 16 GB) DDR5-6600 CL34 Memory,5.0,117.9,https://click.linksynergy.com/deeplink?id=8BacdVP0GFs&mid=44583&murl=https%3A%2F%2Fwww.newegg.com%2Fg-skill-32gb-ddr5-6600%2Fp%2FN82E16820374386,https://cdna.pcpartpicker.com/static/forever/images/product/44cd07d2aed82a27d4d6119d4f7d93f6.256p.jpg,2,DDR5,6600
Corsair Vengeance 32 GB (2 x 16 GB) DDR5-5200 CL40 Memory,5.0,96.9,https://www.amazon.com/dp/B09W2YRXL1?tag=pcpapi-20&linkCode=ogi&th=1&psc=1,https://cdna.pcpartpicker.com/static/forever/images/product/b2d107d629e656f9f435ce9bd604f7e0.256p.jpg,2,DDR5,5200
TEAMGROUP T-Create Classic 64 GB (2 x 32 GB) DDR5-5600 CL46 Memory,0.0,148.9,https://www.amazon.com/dp/B0BPHRJX6F?tag=pcpapi-20&linkCode=ogi&th=1&psc=1,https://cdna.pcpartpicker.com/static/forever/images/product/b3d17b2350df02bb788ba0190c89f135.256p.jpg,2,DDR5,5600
Corsair Vengeance 32 GB (2 x 16 GB) DDR5-6000 CL40 Memory,5.0,112.9,https://go.corsair.com/c/79301/497986/8513?prodsku=CMK32GX5M2B6000C40&u=https%3A%2F%2Fwww.corsair.com%2Fus%2Fen%2Fp%2Fmemory%2FCMK32GX5M2B6000C40%2Fvengeance-32gb-2x16gb-ddr5-dram-6000mhz-c40-memory-kit-black-cmk32gx5m2b6000c40&intsrc=CATF_3903,https://cdna.pcpartpicker.com/static/forever/images/product/b2d107d629e656f9f435ce9bd604f7e0.256p.jpg,2,DDR5,6000
Kingston FURY Beast 32 GB (2 x 16 GB) DDR5-6000 CL40 Memory,0.0,118.17,https://www.amazon.com/dp/B09N5M5PH3?tag=pcpapi-20&linkCode=ogi&th=1&psc=1,https://cdna.pcpartpicker.com/static/forever/images/product/32b566572b63add6164b7650dfe11ce7.256p.jpg,2,DDR5,6000
Kingston FURY 128 GB (4 x 32 GB) DDR5-5200 CL40 Memory,0.0,410.09,https://www.amazon.com/dp/B0C34C2F1R?tag=pcpapi-20&linkCode=ogi&th=1&psc=1,https://cdna.pcpartpicker.com/static/forever/images/product/85fd6da3232f01936f1032b9e22d047e.256p.jpg,4,DDR5,5200
Kingston FURY 32 GB (2 x 16 GB) DDR5-5600 CL40 Memory,0.0,106.91,https://www.amazon.com/dp/B0BZJF529F?tag=pcpapi-20&linkCode=ogi&th=1&psc=1,https://cdna.pcpartpicker.com/static/forever/images/product/32b566572b63add6164b7650dfe11ce7.256p.jpg,2,DDR5,5600
G.Skill Zeta R5 64 GB (4 x 16 GB) Registered DDR5-6400 CL32 Memory,0.0,517.9,https://click.linksynergy.com/deeplink?id=8BacdVP0GFs&mid=44583&murl=https%3A%2F%2Fwww.newegg.com%2Fg-skill-64gb%2Fp%2FN82E16820374462,https://cdna.pcpartpicker.com/static/forever/images/product/7becef31f7da55edafc068c2352bc42d.256p.jpg,4,DDR5,6400
Kingston FURY Beast RGB 64 GB (2 x 32 GB) DDR5-5200 CL40 Memory,4.0,169.9,https://www.amazon.com/dp/B0B1QNPM2T?tag=pcpapi-20&linkCode=ogi&th=1&psc=1,https://cdna.pcpartpicker.com/static/forever/images/product/656b218c4f751e9d239c3627befb3b7d.256p.jpg,2,DDR5,5200
Silicon Power XPOWER Zenith Gaming 64 GB (2 x 32 GB) DDR5-5600 CL40 Memory,0.0,0.0,unknown,https://cdna.pcpartpicker.com/static/forever/images/product/aed296a93a70351d02d06d3d6cb30eb0.256p.jpg,2,DDR5,5600
GeIL ORION V RGB 32 GB (2 x 16 GB) DDR5-8000 CL38 Memory,0.0,0.0,unknown,https://cdna.pcpartpicker.com/static/forever/images/product/cb0e42bd7dfee6c4f9f86875a5b5ce4e.256p.jpg,2,DDR5,8000
Crucial CT2K16G48C40S5 32 GB (2 x 16 GB) DDR5-4800 SODIMM CL40 Memory,0.0,83.5,https://www.amazon.com/dp/B09S2PNYTY?tag=pcpapi-20&linkCode=ogi&th=1&psc=1,https://cdna.pcpartpicker.com/static/forever/images/product/37e6eb23a557060f0bb4a6f6693e4bb2.256p.jpg,2,DDR5,4800
TEAMGROUP Elite Plus 64 GB (2 x 32 GB) DDR5-4800 CL40 Memory,0.0,138.9,https://www.amazon.com/dp/B0BC8LNMBG?tag=pcpapi-20&linkCode=ogi&th=1&psc=1,https://cdna.pcpartpicker.com/static/forever/images/product/015c34d965b8d505585256488a7f3263.256p.jpg,2,DDR5,4800
