name,rating,price,amazon_link,image_link,tdp,pcie_gen,capacity,speed_read,speed_write
Samsung 970 Evo Plus 250 GB M.2-2280 PCIe 3.0 X4 NVME Solid State Drive,4.9,74.9,https://www.amazon.com/dp/B07MG119KG?tag=pcpapi-20&linkCode=ogi&th=1&psc=1,https://cdna.pcpartpicker.com/static/forever/images/product/25a1bf52562913032cce0b7a71b9e323.256p.jpg,10,3x4,250 GB,1914,527
Kingston NV2 250 GB M.2-2280 PCIe 4.0 X4 NVME Solid State Drive,4.6,28.9,https://www.amazon.com/dp/B0BBWH7DBT?tag=pcpapi-20&linkCode=ogi&th=1&psc=1,https://cdna.pcpartpicker.com/static/forever/images/product/1ab970d9da01e708936041815f8f0505.256p.jpg,10,4x4,250 GB,1774,862
Samsung 980 Pro 250 GB M.2-2280 PCIe 4.0 X4 NVME Solid State Drive,4.8,136.9,https://www.amazon.com/dp/B08GL52C3V?tag=pcpapi-20&linkCode=ogi&th=1&psc=1,https://cdna.pcpartpicker.com/static/forever/images/product/0031b30a7f5958ebe231983fb79d17ec.256p.jpg,10,4x4,250 GB,2781,533
Western Digital Black SN770 250 GB M.2-2280 PCIe 4.0 X4 NVME Solid State Drive,5.0,39.9,https://www.amazon.com/dp/B09QVP977F?tag=pcpapi-20&linkCode=ogi&th=1&psc=1,https://cdna.pcpartpicker.com/static/forever/images/product/8fcb88c883df1ee3563538df639a08c8.256p.jpg,10,4x4,250 GB,N/A,N/A
Samsung 960 Evo 250 GB M.2-2280 PCIe 3.0 X4 NVME Solid State Drive,4.9,74.48,https://www.amazon.com/dp/B01LYFKX41?tag=pcpapi-20&linkCode=ogi&th=1&psc=1,https://cdna.pcpartpicker.com/static/forever/images/product/05c84a7f2b020b4efe1b7b736b9eefd0.256p.jpg,10,3x4,250 GB,N/A,N/A
Western Digital Blue SN570 250 GB M.2-2280 PCIe 3.0 X4 NVME Solid State Drive,4.5,47.5,https://www.amazon.com/dp/B09HKGGPLR?tag=pcpapi-20&linkCode=ogi&th=1&psc=1,https://cdna.pcpartpicker.com/static/forever/images/product/c1cdf2d19b482db7c0266e53f6f3893c.256p.jpg,10,3x4,250 GB,N/A,N/A
Samsung 980 250 GB M.2-2280 PCIe 3.0 X4 NVME Solid State Drive,5.0,44.9,https://goto.walmart.com/c/79301/568844/9383?veh=aff&sourceid=imp_000011112222333344&u=https%3A%2F%2Fwww.walmart.com%2Fip%2F559060783,https://cdna.pcpartpicker.com/static/forever/images/product/d62d321c924e55fadd54e9316273b330.256p.jpg,10,3x4,250 GB,1371,375
Samsung 970 Evo 250 GB M.2-2280 PCIe 3.0 X4 NVME Solid State Drive,4.9,104.9,https://www.amazon.com/dp/B07BN5FJZQ?tag=pcpapi-20&linkCode=ogi&th=1&psc=1,https://cdna.pcpartpicker.com/static/forever/images/product/25a1bf52562913032cce0b7a71b9e323.256p.jpg,10,3x4,250 GB,N/A,N/A
Kingston A2000 250 GB M.2-2280 PCIe 3.0 X4 NVME Solid State Drive,4.8,34.99,https://www.amazon.com/dp/B07VYG5HQD?tag=pcpapi-20&linkCode=ogi&th=1&psc=1,https://cdna.pcpartpicker.com/static/forever/images/product/d2597c6af85efa2da718727f545317eb.256p.jpg,10,3x4,250 GB,N/A,N/A
HP EX900 250 GB M.2-2280 PCIe 3.0 X4 NVME Solid State Drive,4.9,35.99,https://www.amazon.com/dp/B07B319VG2?tag=pcpapi-20&linkCode=ogi&th=1&psc=1,https://cdna.pcpartpicker.com/static/forever/images/product/5e726a302be5f554b55eebebd1e1feb7.256p.jpg,10,3x4,250 GB,N/A,N/A
Crucial P2 250 GB M.2-2280 PCIe 3.0 X4 NVME Solid State Drive,4.6,N/A,N/A,https://cdna.pcpartpicker.com/static/forever/images/product/ce4fd57ee655bf400a82aa84f6ec7ac5.256p.jpg,10,3x4,250 GB,1300,536
Western Digital Blue SN550 250 GB M.2-2280 PCIe 3.0 X4 NVME Solid State Drive,4.8,39.9,https://www.amazon.com/dp/B07YFF8879?tag=pcpapi-20&linkCode=ogi&th=1&psc=1,https://cdna.pcpartpicker.com/static/forever/images/product/73be90b182cdb68fe899775fb8fa56ed.256p.jpg,10,3x4,250 GB,N/A,N/A
Samsung 860 Evo 250 GB M.2-2280 SATA Solid State Drive,4.7,99.0,https://www.amazon.com/dp/B07864V6CK?tag=pcpapi-20&linkCode=ogi&th=1&psc=1,https://cdna.pcpartpicker.com/static/forever/images/product/75f4b71740f1a3bd9cb7a4a793735fd4.256p.jpg,10,N/A,250 GB,N/A,N/A
Western Digital Blue 250 GB M.2-2280 SATA Solid State Drive,4.8,66.7,https://www.amazon.com/dp/B073SBV3XX?tag=pcpapi-20&linkCode=ogi&th=1&psc=1,https://cdna.pcpartpicker.com/static/forever/images/product/934b03245c9772e668213ce23429bd1a.256p.jpg,10,N/A,250 GB,N/A,N/A
Western Digital Black SN750 250 GB M.2-2280 PCIe 3.0 X4 NVME Solid State Drive,4.9,N/A,N/A,https://cdna.pcpartpicker.com/static/forever/images/product/0e711f3edb98f9680cc528271201d8d2.256p.jpg,10,3x4,250 GB,N/A,N/A
Western Digital Blue SN500 250 GB M.2-2280 PCIe 3.0 X2 NVME Solid State Drive,5.0,88.98,https://www.amazon.com/dp/B07PC59ZDV?tag=pcpapi-20&linkCode=ogi&th=1&psc=1,https://m.media-amazon.com/images/I/41nVYnsGw+L.jpg,10,3x2,250 GB,N/A,N/A
TEAMGROUP T-Force Cardea Z44L 250 GB M.2-2280 PCIe 4.0 X4 NVME Solid State Drive,N/A,35.9,https://click.linksynergy.com/deeplink?id=8BacdVP0GFs&mid=44583&murl=https%3A%2F%2Fwww.newegg.com%2Fteam-group-250gb-t-force-cardea-z44l-nvme-1-4%2Fp%2FN82E16820331864,https://m.media-amazon.com/images/I/41JZmso+DQL.jpg,10,4x4,250 GB,N/A,N/A
Western Digital Black SN750 SE 250 GB M.2-2280 PCIe 4.0 X4 NVME Solid State Drive,5.0,N/A,N/A,https://cdna.pcpartpicker.com/static/forever/images/product/08105799a06f56c779261642b857dd7f.256p.jpg,10,4x4,250 GB,N/A,N/A
Crucial MX500 250 GB M.2-2280 SATA Solid State Drive,4.0,N/A,N/A,https://cdna.pcpartpicker.com/static/forever/images/product/d7f3021a9a05e15649c88a9734ed49a7.256p.jpg,10,N/A,250 GB,N/A,N/A
ADATA Swordfish 250 GB M.2-2280 PCIe 3.0 X4 NVME Solid State Drive,4.7,N/A,N/A,https://m.media-amazon.com/images/I/41IhbWsbCWL.jpg,10,3x4,250 GB,N/A,N/A
Crucial T700 W/Heatsink 1 TB M.2-2280 PCIe 5.0 X4 NVME Solid State Drive,N/A,140.41,https://www.amazon.com/dp/B0C3K344ZV?tag=pcpapi-20&linkCode=ogi&th=1&psc=1,https://cdna.pcpartpicker.com/static/forever/images/product/aeb312f0e26355b4840393bd66b512cb.256p.jpg,10,5x4,1 TB,5173,1654
TEAMGROUP MP44L 1 TB M.2-2280 PCIe 4.0 X4 NVME Solid State Drive,4.5,57.9,https://www.amazon.com/dp/B0B9Y3DB2K?tag=pcpapi-20&linkCode=ogi&th=1&psc=1,https://cdna.pcpartpicker.com/static/forever/images/product/b7e87809a48525a1340938718110fecc.256p.jpg,10,4x4,1 TB,2800,1985
TEAMGROUP MS30 1 TB M.2-2280 SATA Solid State Drive,4.4,47.9,https://www.amazon.com/dp/B07GL4M3HX?tag=pcpapi-20&linkCode=ogi&th=1&psc=1,https://cdna.pcpartpicker.com/static/forever/images/product/6c56efb792800668ebdf88501040055a.256p.jpg,10,N/A,1 TB,524,422
Inland QN322 1 TB M.2-2280 PCIe 3.0 X4 NVME Solid State Drive,5.0,66.9,https://www.amazon.com/dp/B0B96T9HWQ?tag=pcpapi-20&linkCode=ogi&th=1&psc=1,https://m.media-amazon.com/images/I/41qAE4r0DwL.jpg,10,3x4,1 TB,1493,426
TEAMGROUP T-Force Cardea Zero Z330 1 TB M.2-2280 PCIe 3.0 X4 NVME Solid State Drive,N/A,N/A,N/A,https://cdna.pcpartpicker.com/static/forever/images/product/27a833ca4708b9c3f13e792c9bfa3a4b.256p.jpg,10,3x4,1 TB,N/A,N/A
Intel DC P4511 1 TB M.2-22110 PCIe 3.0 X4 NVME Solid State Drive,N/A,140.19,https://www.amazon.com/dp/B07GFRRVRQ?tag=pcpapi-20&linkCode=ogi&th=1&psc=1,https://cdna.pcpartpicker.com/static/forever/images/product/84de6e833584afed9af5e5ca118aa067.256p.jpg,10,3x4,1 TB,N/A,N/A
ADATA XPG SX6000 Pro 1 TB M.2-2280 PCIe 3.0 X4 NVME Solid State Drive,5.0,73.7,https://www.amazon.com/dp/B07H52ML35?tag=pcpapi-20&linkCode=ogi&th=1&psc=1,https://cdna.pcpartpicker.com/static/forever/images/product/26d88cb160f4692e5d14c156f67afa52.256p.jpg,10,3x4,1 TB,N/A,N/A
MSI SPATIUM M480 HS 1 TB M.2-2280 PCIe 4.0 X4 NVME Solid State Drive,N/A,N/A,N/A,https://m.media-amazon.com/images/I/41IWMsYV4+L.jpg,10,4x4,1 TB,N/A,N/A
Lexar NM760 1 TB M.2-2280 PCIe 4.0 X4 NVME Solid State Drive,N/A,N/A,N/A,https://m.media-amazon.com/images/I/31++JXj74YL.jpg,10,4x4,1 TB,N/A,N/A
Western Digital WDS100T1XHE w/Heatsink 1 TB M.2-2280 PCIe 4.0 X4 NVME Solid State Drive,5.0,139.0,https://www.amazon.com/dp/B08PHSVW7K?tag=pcpapi-20&linkCode=ogi&th=1&psc=1,https://cdna.pcpartpicker.com/static/forever/images/product/82ae03f2b4a2b03e374b05d0a64774c7.256p.jpg,10,4x4,1 TB,N/A,N/A
TEAMGROUP Cardea A440 1 TB M.2-2280 PCIe 4.0 X4 NVME Solid State Drive,4.5,89.9,https://www.amazon.com/dp/B0921KF4JC?tag=pcpapi-20&linkCode=ogi&th=1&psc=1,https://cdna.pcpartpicker.com/static/forever/images/product/4ccb73baed8f94574445976fdb82509d.256p.jpg,10,4x4,1 TB,N/A,N/A
Corsair MP400 1 TB M.2-2280 PCIe 3.0 X4 NVME Solid State Drive,N/A,142.1,https://www.amazon.com/dp/B094412586?tag=pcpapi-20&linkCode=ogi&th=1&psc=1,https://cdna.pcpartpicker.com/static/forever/images/product/241e41e2359d93a4bf0df05de6255a65.256p.jpg,10,3x4,1 TB,N/A,N/A
ADATA XPG SX8100 1 TB M.2-2280 PCIe 3.0 X4 NVME Solid State Drive,4.0,129.9,https://adorama.rfvk.net/c/79301/1175784/1036?prodsku=ADSX81NP1TTC&u=https%3A%2F%2Fwww.adorama.com%2Fadsx81np1ttc.html&intsrc=CATF_9102,https://m.media-amazon.com/images/I/41i2gbE+JXS.jpg,10,3x4,1 TB,N/A,N/A
Micron 2400 1 TB M.2-2230 PCIe 4.0 X4 NVME Solid State Drive,N/A,79.98,https://www.amazon.com/dp/B0BWHDVR5R?tag=pcpapi-20&linkCode=ogi&th=1&psc=1,https://cdna.pcpartpicker.com/static/forever/images/product/ccaf68f658a1d2c75794a7db08c97461.256p.jpg,10,4x4,1 TB,N/A,N/A
Seagate Lightsaber Collection FireCuda 1 TB M.2-2280 PCIe 4.0 X4 NVME Solid State Drive,5.0,119.9,https://api.bestbuy.com/click/-/6598738/pdp?IPID=79301,https://cdna.pcpartpicker.com/static/forever/images/product/afccf3c7f0a1f0f11de3f2193b88f174.256p.jpg,10,4x4,1 TB,N/A,N/A
Addlink S68 1 TB M.2-2280 PCIe 3.0 X4 NVME Solid State Drive,N/A,N/A,N/A,https://m.media-amazon.com/images/I/41zic0oz7VL.jpg,10,3x4,1 TB,N/A,N/A
Patriot Viper Gaming VP4100 1 TB M.2-2280 PCIe 4.0 X4 NVME Solid State Drive,4.0,N/A,N/A,https://cdna.pcpartpicker.com/static/forever/images/product/df2a9414e4aec43c938df3a37b8f78b0.256p.jpg,10,4x4,1 TB,N/A,N/A
Pioneer APS-SE20G-1T 1 TB M.2-2280 PCIe 3.0 X4 NVME Solid State Drive,N/A,108.23,https://www.amazon.com/dp/B07P5QFRP2?tag=pcpapi-20&linkCode=ogi&th=1&psc=1,https://m.media-amazon.com/images/I/41fwnE4+h1L.jpg,10,3x4,1 TB,N/A,N/A
ADATA ATOM 50 1 TB M.2-2280 PCIe 4.0 X4 NVME Solid State Drive,N/A,N/A,N/A,https://m.media-amazon.com/images/I/31PXN8l-AdL.jpg,10,4x4,1 TB,N/A,N/A
Patriot VPR100 RGB 1 TB M.2-2280 PCIe 3.0 X4 NVME Solid State Drive,5.0,N/A,N/A,https://m.media-amazon.com/images/I/41Ioh8W+m6L.jpg,10,3x4,1 TB,N/A,N/A
Timetec 35TTM8SSATA 1 TB M.2-2280 SATA Solid State Drive,N/A,N/A,N/A,https://upload.wikimedia.org/wikipedia/commons/thumb/a/ac/No_image_available.svg/256px-No_image_available.jpg,10,N/A,1 TB,N/A,N/A
KIOXIA BG5 1 TB M.2-2230 PCIe 4.0 X4 NVME Solid State Drive,N/A,N/A,N/A,https://cdna.pcpartpicker.com/static/forever/images/product/32e4e803cd74b2f5971c3d004ff1ab4d.256p.jpg,10,4x4,1 TB,N/A,N/A
Apacer AS2280Q4 2 TB M.2-2280 PCIe 4.0 X4 NVME Solid State Drive,N/A,N/A,N/A,https://cdna.pcpartpicker.com/static/forever/images/product/03f08a8d847342d8847df90f63742f6a.256p.jpg,10,4x4,2 TB,N/A,N/A
Enmotus FuzeDrive 1.55 TB M.2-2280 PCIe 3.0 X4 NVME Solid State Drive,N/A,N/A,N/A,https://m.media-amazon.com/images/I/41cF7WSOARL.jpg,10,3x4,1.55 TB,N/A,N/A
Samsung 980 Pro w/Heatsink 2 TB M.2-2280 PCIe 4.0 X4 NVME Solid State Drive,4.9,148.0,https://www.amazon.com/dp/B09JHKSNNG?tag=pcpapi-20&linkCode=ogi&th=1&psc=1,https://cdna.pcpartpicker.com/static/forever/images/product/117a93ff22c8f38b2bfb8ff00b0b4d78.256p.jpg,10,4x4,2 TB,4929,2237
SK Hynix Platinum P41 2 TB M.2-2280 PCIe 4.0 X4 NVME Solid State Drive,5.0,134.9,https://www.amazon.com/dp/B09QVD9V7R?tag=pcpapi-20&linkCode=ogi&th=1&psc=1,https://m.media-amazon.com/images/I/31TAUSyRkcL.jpg,10,4x4,2 TB,5599,3055
Gigabyte AORUS Gen4 2 TB M.2-2280 PCIe 4.0 X4 NVME Solid State Drive,5.0,N/A,N/A,https://cdna.pcpartpicker.com/static/forever/images/product/c4cde2be435d217826a3d3e69a76b6f8.256p.jpg,10,4x4,2 TB,N/A,N/A
MSI SPATIUM M371 2 TB M.2-2280 PCIe 3.0 X4 NVME Solid State Drive,N/A,89.9,https://msi.pxf.io/c/79301/1986809/23099?prodsku=1695&u=https%3A%2F%2Fus-store.msi.com%2FPC-Components%2FStorage-Devices%2FSPATIUM-M371-2TB&intsrc=CATF_16410,https://cdna.pcpartpicker.com/static/forever/images/product/d107382d93f8644cb089dc6bc87107e5.256p.jpg,10,3x4,2 TB,N/A,N/A
TEAMGROUP Cardea A440 2 TB M.2-2280 PCIe 4.0 X4 NVME Solid State Drive,4.5,129.9,https://www.amazon.com/dp/B0921RKRDH?tag=pcpapi-20&linkCode=ogi&th=1&psc=1,https://cdna.pcpartpicker.com/static/forever/images/product/4ccb73baed8f94574445976fdb82509d.256p.jpg,10,4x4,2 TB,N/A,N/A
Western Digital WD_BLACK SN850P for PS5 2 TB M.2-2280 PCIe 4.0 X4 NVME Solid State Drive,5.0,175.9,https://www.amazon.com/dp/B0C47ZX1WB?tag=pcpapi-20&linkCode=ogi&th=1&psc=1,https://m.media-amazon.com/images/I/31AvWWHMITL.jpg,10,4x4,2 TB,N/A,N/A
Mushkin Pilot-E 2 TB M.2-2280 PCIe 3.0 X4 NVME Solid State Drive,5.0,N/A,N/A,https://cdna.pcpartpicker.com/static/forever/images/product/fe3034d43ec3cd0b997ffdfeae2b1cb8.256p.jpg,10,3x4,2 TB,N/A,N/A
Lexar Professional NM800PRO w/Heatsink 2 TB M.2-2280 PCIe 4.0 X4 NVME Solid State Drive,N/A,149.9,https://www.bhphotovideo.com/c/product/1724948-REG/lexar_lnm800p002t_rn8ng_2_tb_nm800_pro.html/BI/19488/KBID/11704,https://cdna.pcpartpicker.com/static/forever/images/product/efd188b8bf6db9f576ffa8af7364e1bf.256p.jpg,10,4x4,2 TB,N/A,N/A
Gigabyte AORUS Gen4 2 TB M.2-2280 PCIe 4.0 X4 NVME Solid State Drive,5.0,N/A,N/A,https://cdna.pcpartpicker.com/static/forever/images/product/c4cde2be435d217826a3d3e69a76b6f8.256p.jpg,10,4x4,2 TB,N/A,N/A
PNY CS2241 2 TB M.2-2280 PCIe 4.0 X4 NVME Solid State Drive,N/A,120.9,https://click.linksynergy.com/deeplink?id=8BacdVP0GFs&mid=44583&murl=https%3A%2F%2Fwww.newegg.com%2Fpny-2tb-cs2241%2Fp%2FN82E16820177158,https://cdna.pcpartpicker.com/static/forever/images/product/3fc0cebea011952b5ccdfcf28c99b221.256p.jpg,10,4x4,2 TB,N/A,N/A
Klevv CRAS C920 2 TB M.2-2280 PCIe 4.0 X4 NVME Solid State Drive,N/A,N/A,N/A,https://m.media-amazon.com/images/I/31uRd3nt0QS.jpg,10,4x4,2 TB,N/A,N/A
Timetec 35TTFP6PCIE 2 TB M.2-2280 PCIe 3.0 X4 NVME Solid State Drive,N/A,N/A,N/A,https://m.media-amazon.com/images/I/413qz+IDzHL.jpg,10,3x4,2 TB,N/A,N/A
Fantom Drives VENOM8 PS5 2 TB M.2-2280 PCIe 4.0 X4 NVME Solid State Drive,N/A,134.9,https://www.amazon.com/dp/B0BQD8BB2J?tag=pcpapi-20&linkCode=ogi&th=1&psc=1,https://m.media-amazon.com/images/I/412RvikBjnL.jpg,10,4x4,2 TB,N/A,N/A
ADATA XPG ASX8600 Pro 2 TB M.2-2280 PCIe 3.0 X4 NVME Solid State Drive,N/A,N/A,N/A,https://upload.wikimedia.org/wikipedia/commons/thumb/a/ac/No_image_available.svg/256px-No_image_available.jpg,10,3x4,2 TB,N/A,N/A
V7 V7SSD2TBNV4U 2 TB M.2-2280 PCIe 4.0 X4 NVME Solid State Drive,N/A,N/A,N/A,https://upload.wikimedia.org/wikipedia/commons/thumb/a/ac/No_image_available.svg/256px-No_image_available.jpg,10,4x4,2 TB,N/A,N/A
Fastro MS250 2 TB M.2-2280 PCIe 3.0 X4 NVME Solid State Drive,N/A,N/A,N/A,https://upload.wikimedia.org/wikipedia/commons/thumb/a/ac/No_image_available.svg/256px-No_image_available.jpg,10,3x4,2 TB,N/A,N/A
Sabrent Rocket Q 8 TB M.2-2280 PCIe 3.0 X4 NVME Solid State Drive,5.0,N/A,N/A,https://m.media-amazon.com/images/I/41P-zScM92L.jpg,10,3x4,8 TB,N/A,N/A
Kingston KC3000 4.096 TB M.2-2280 PCIe 4.0 X4 NVME Solid State Drive,N/A,306.44,https://www.amazon.com/dp/B09K7DHG1Z?tag=pcpapi-20&linkCode=ogi&th=1&psc=1,https://m.media-amazon.com/images/I/31p3IUZV+ZL.jpg,10,4x4,4.096 TB,N/A,N/A
PNY CS3140 4 TB M.2-2280 PCIe 4.0 X4 NVME Solid State Drive,N/A,411.69,https://www.amazon.com/dp/B09C44XFZ2?tag=pcpapi-20&linkCode=ogi&th=1&psc=1,https://cdna.pcpartpicker.com/static/forever/images/product/ae363212960ec9fd96680f4355bbc61a.256p.jpg,10,4x4,4 TB,N/A,N/A
ADATA LEGEND 960 MAX 4 TB M.2-2280 PCIe 4.0 X4 NVME Solid State Drive,N/A,279.9,https://www.amazon.com/dp/B0BM584Q2C?tag=pcpapi-20&linkCode=ogi&th=1&psc=1,https://cdna.pcpartpicker.com/static/forever/images/product/a90a67816caf9b4d6bd4dc23ed17adc1.256p.jpg,10,4x4,4 TB,N/A,N/A
Kingston NV1 250 GB M.2-2280 PCIe 3.0 X4 NVME Solid State Drive,N/A,29.88,https://www.amazon.com/dp/B09DVP94WC?tag=pcpapi-20&linkCode=ogi&th=1&psc=1,https://cdna.pcpartpicker.com/static/forever/images/product/f8b8691f92258f8712dcc51e1d10f3d7.256p.jpg,10,3x4,250 GB,1517,665
PNY CS1030 250 GB M.2-2280 PCIe 3.0 X4 NVME Solid State Drive,N/A,N/A,N/A,https://cdna.pcpartpicker.com/static/forever/images/product/dc1afe5da8511a0e7fa1bf8e03c7d08c.256p.jpg,10,3x4,250 GB,N/A,N/A
Samsung 850 Evo 250 GB M.2-2280 SATA Solid State Drive,4.8,66.9,https://www.amazon.com/dp/B00TGIVZTW?tag=pcpapi-20&linkCode=ogi&th=1&psc=1,https://cdna.pcpartpicker.com/static/forever/images/product/c1437e4d53fc068ea23466f679b07733.256p.jpg,10,N/A,250 GB,N/A,N/A
Western Digital Blue SN580 250 GB M.2-2280 PCIe 4.0 X4 NVME Solid State Drive,5.0,53.4,https://www.amazon.com/dp/B0C8X8LWVC?tag=pcpapi-20&linkCode=ogi&th=1&psc=1,https://cdna.pcpartpicker.com/static/forever/images/product/dfbfd7d2c8c2858791c271c8253f64e1.256p.jpg,10,4x4,250 GB,1511,933
Corsair MP600 500 GB M.2-2280 PCIe 4.0 X4 NVME Solid State Drive,5.0,64.9,https://go.corsair.com/c/79301/497986/8513?prodsku=CSSD-F500GBMP600R2&u=https%3A%2F%2Fwww.corsair.com%2Fus%2Fen%2Fp%2Fdata-storage%2FCSSD-F500GBMP600R2%2Fforce-series-gen-4-pcie-mp600-500gb-nvme-m-2-ssd-cssd-f500gbmp600r2&intsrc=CATF_3903,https://m.media-amazon.com/images/I/41QpdkokikL.jpg,10,4x4,500 GB,N/A,N/A
TEAMGROUP T-Force Cardea II TUF Gaming Alliance 500 GB M.2-2280 PCIe 3.0 X4 NVME Solid State Drive,N/A,N/A,N/A,https://cdna.pcpartpicker.com/static/forever/images/product/fb0b19a5d8d0c717a6f43db90d0437f9.256p.jpg,10,3x4,500 GB,N/A,N/A
TEAMGROUP MP33 PRO 1 TB M.2-2280 PCIe 3.0 X4 NVME Solid State Drive,5.0,59.9,https://www.amazon.com/dp/B08GM8N3DB?tag=pcpapi-20&linkCode=ogi&th=1&psc=1,https://cdna.pcpartpicker.com/static/forever/images/product/6b1c4b8f45703c35569656622ff924ed.256p.jpg,10,3x4,1 TB,1970,915
Solidigm P41 Plus 1 TB M.2-2280 PCIe 4.0 X4 NVME Solid State Drive,4.7,80.49,https://adorama.rfvk.net/c/79301/1175784/1036?prodsku=SDKNU010TZX1&u=https%3A%2F%2Fwww.adorama.com%2Fsdknu010tzx1.html&intsrc=CATF_9102,https://cdna.pcpartpicker.com/static/forever/images/product/aafcbf420443bb76cfe6a8c174f447db.256p.jpg,10,4x4,1 TB,2244,263
Acer Predator GM7000 1 TB M.2-2280 PCIe 4.0 X4 NVME Solid State Drive,5.0,81.9,https://www.amazon.com/dp/B09F5P2JT8?tag=pcpapi-20&linkCode=ogi&th=1&psc=1,https://cdna.pcpartpicker.com/static/forever/images/product/1181de6bb1f33eb13aba4cab40a3d10c.256p.jpg,10,4x4,1 TB,2907,2720
Sabrent Rocket 1 TB M.2-2280 PCIe 3.0 X4 NVME Solid State Drive,4.9,N/A,N/A,https://m.media-amazon.com/images/I/41P-zScM92L.jpg,10,3x4,1 TB,2216,1657
Silicon Power XS70 1 TB M.2-2280 PCIe 4.0 X4 NVME Solid State Drive,5.0,69.9,https://www.amazon.com/dp/B09T2S1Z8T?tag=pcpapi-20&linkCode=ogi&th=1&psc=1,https://cdna.pcpartpicker.com/static/forever/images/product/b5c093326e7f16f0d34445e39316f0ea.256p.jpg,10,4x4,1 TB,N/A,N/A
Corsair MP600 PRO LPX 1 TB M.2-2280 PCIe 4.0 X4 NVME Solid State Drive,5.0,79.9,https://www.amazon.com/dp/B09Q2MW21F?tag=pcpapi-20&linkCode=ogi&th=1&psc=1,https://cdna.pcpartpicker.com/static/forever/images/product/667a9649b7d52b5acdef269e5a6ebb91.256p.jpg,10,4x4,1 TB,2988,1485
Crucial MX500 1 TB M.2-2280 SATA Solid State Drive,4.5,N/A,https://www.amazon.de/-/en/gp/product/B01N6PMZLW/ref=ppx_od_dt_b_asin_title_s01?ie=UTF8&psc=1,https://cdna.pcpartpicker.com/static/forever/images/product/eca1a45c48840cfd37fd506276cda872.256p.jpg,10,N/A,1 TB,N/A,N/A
Corsair MP600 PRO LPX 1 TB M.2-2280 PCIe 4.0 X4 NVME Solid State Drive,N/A,79.9,https://www.amazon.com/dp/B0BWYX6BQ3?tag=pcpapi-20&linkCode=ogi&th=1&psc=1,https://cdna.pcpartpicker.com/static/forever/images/product/667a9649b7d52b5acdef269e5a6ebb91.256p.jpg,10,4x4,1 TB,N/A,N/A
MSI SPATIUM M370 1 TB M.2-2280 PCIe 3.0 X4 NVME Solid State Drive,N/A,N/A,N/A,https://cdna.pcpartpicker.com/static/forever/images/product/fb36d9f6aa2d22175fc60ecb84ca1bd2.256p.jpg,10,3x4,1 TB,N/A,N/A
Gigabyte GP-GSM2NE3100TNTD 1 TB M.2-2280 PCIe 3.0 X4 NVME Solid State Drive,4.5,N/A,N/A,https://cdna.pcpartpicker.com/static/forever/images/product/a7ef10c9ae70b5492693ca267108e86c.256p.jpg,10,3x4,1 TB,N/A,N/A
Mushkin Tempest 1 TB M.2-2280 PCIe 3.0 X4 NVME Solid State Drive,N/A,58.9,https://click.linksynergy.com/deeplink?id=8BacdVP0GFs&mid=44583&murl=https%3A%2F%2Fwww.newegg.com%2Fmushkin-enhanced-1tb-tempest-nvme-1-4%2Fp%2FN82E16820226968,https://cdna.pcpartpicker.com/static/forever/images/product/59b004f379523ea791a2f8fb11012413.256p.jpg,10,3x4,1 TB,N/A,N/A
Kingston KC2000 1 TB M.2-2280 PCIe 3.0 X4 NVME Solid State Drive,5.0,N/A,N/A,https://cdna.pcpartpicker.com/static/forever/images/product/820a5fc34269d4a88c72b95251b60308.256p.jpg,10,3x4,1 TB,N/A,N/A
ADATA XPG GAMMIX S5 1 TB M.2-2280 PCIe 3.0 X4 NVME Solid State Drive,5.0,139.9,https://adorama.rfvk.net/c/79301/1175784/1036?prodsku=ADMIXS51TTC&u=https%3A%2F%2Fwww.adorama.com%2Fadmixs51ttc.html&intsrc=CATF_9102,https://cdna.pcpartpicker.com/static/forever/images/product/afca5903af5116fc3d3acb73b8a4dd07.256p.jpg,10,3x4,1 TB,N/A,N/A
Solidigm P41 Plus 1 TB M.2-2230 PCIe 4.0 X4 NVME Solid State Drive,N/A,N/A,N/A,https://cdna.pcpartpicker.com/static/forever/images/product/237236fc3296d59e372d69a8404dfccb.256p.jpg,10,4x4,1 TB,N/A,N/A
ADATA ATOM 30 1 TB M.2-2280 PCIe 3.0 X4 NVME Solid State Drive,N/A,N/A,N/A,https://m.media-amazon.com/images/I/31PXN8l-AdL.jpg,10,3x4,1 TB,N/A,N/A
Fantom Drives VENOM8 1 TB M.2-2280 PCIe 4.0 X4 NVME Solid State Drive,N/A,N/A,N/A,https://cdna.pcpartpicker.com/static/forever/images/product/9807d1ab916177dc27510c865528c038.256p.jpg,10,4x4,1 TB,N/A,N/A
TEAMGROUP Cardea II 1 TB M.2-2280 PCIe 3.0 X4 NVME Solid State Drive,N/A,N/A,N/A,https://m.media-amazon.com/images/I/31-UYjFxAVL.jpg,10,3x4,1 TB,N/A,N/A
Western Digital PC SN740 Pyrite 1 TB M.2-2230 PCIe 4.0 X4 NVME Solid State Drive,N/A,N/A,N/A,https://cdna.pcpartpicker.com/static/forever/images/product/72cda3628b171aaf7507bb2fd614f4fa.256p.jpg,10,4x4,1 TB,N/A,N/A
Acer Predator GM7 1 TB M.2-2280 PCIe 4.0 X4 NVME Solid State Drive,N/A,N/A,N/A,https://cdna.pcpartpicker.com/static/forever/images/product/1181de6bb1f33eb13aba4cab40a3d10c.256p.jpg,10,4x4,1 TB,N/A,N/A
V7 V7SSD1TBNV4U 1 TB M.2-2280 PCIe 4.0 X4 NVME Solid State Drive,N/A,N/A,N/A,https://upload.wikimedia.org/wikipedia/commons/thumb/a/ac/No_image_available.svg/256px-No_image_available.jpg,10,4x4,1 TB,N/A,N/A
Fastro MS300 1 TB M.2-2280 PCIe 4.0 X4 NVME Solid State Drive,N/A,N/A,N/A,https://upload.wikimedia.org/wikipedia/commons/thumb/a/ac/No_image_available.svg/256px-No_image_available.jpg,10,4x4,1 TB,N/A,N/A
Western Digital SN530 1.024 TB M.2-2280 PCIe 3.0 X4 NVME Solid State Drive,4.5,N/A,N/A,https://upload.wikimedia.org/wikipedia/commons/thumb/a/ac/No_image_available.svg/256px-No_image_available.jpg,10,3x4,1.024 TB,N/A,N/A
Western Digital SN530 1.024 TB M.2-2242 PCIe 3.0 X4 NVME Solid State Drive,N/A,N/A,N/A,https://upload.wikimedia.org/wikipedia/commons/thumb/a/ac/No_image_available.svg/256px-No_image_available.jpg,10,3x4,1.024 TB,N/A,N/A
Western Digital Blue SN570 2 TB M.2-2280 PCIe 3.0 X4 NVME Solid State Drive,4.4,220.0,https://www.amazon.com/dp/B09JM8DJNS?tag=pcpapi-20&linkCode=ogi&th=1&psc=1,https://cdna.pcpartpicker.com/static/forever/images/product/da6c2cb6e4d17032dbb3da790499b57f.256p.jpg,10,3x4,2 TB,2817,3150
Solidigm P41 Plus 2 TB M.2-2280 PCIe 4.0 X4 NVME Solid State Drive,4.9,140.4,https://adorama.rfvk.net/c/79301/1175784/1036?prodsku=SDKNU020TZX1&u=https%3A%2F%2Fwww.adorama.com%2Fsdknu020tzx1.html&intsrc=CATF_9102,https://cdna.pcpartpicker.com/static/forever/images/product/aafcbf420443bb76cfe6a8c174f447db.256p.jpg,10,4x4,2 TB,2838,365
Corsair MP600 PRO NH 2 TB M.2-2280 PCIe 4.0 X4 NVME Solid State Drive,4.3,149.9,https://www.amazon.com/dp/B0BJKWSDN8?tag=pcpapi-20&linkCode=ogi&th=1&psc=1,https://m.media-amazon.com/images/I/41VVrReoNJL.jpg,10,4x4,2 TB,N/A,N/A
Samsung 970 Evo 2 TB M.2-2280 PCIe 3.0 X4 NVME Solid State Drive,4.9,239.5,https://www.amazon.com/dp/B07C8Y31G1?tag=pcpapi-20&linkCode=ogi&th=1&psc=1,https://cdna.pcpartpicker.com/static/forever/images/product/326881d073c1b667bd348893696c690e.256p.jpg,10,3x4,2 TB,N/A,N/A
Corsair MP600 PRO LPX 2 TB M.2-2280 PCIe 4.0 X4 NVME Solid State Drive,5.0,168.9,https://www.amazon.com/dp/B0BWYWN6NG?tag=pcpapi-20&linkCode=ogi&th=1&psc=1,https://cdna.pcpartpicker.com/static/forever/images/product/667a9649b7d52b5acdef269e5a6ebb91.256p.jpg,10,4x4,2 TB,N/A,N/A
Western Digital Black SN750 2 TB M.2-2280 PCIe 3.0 X4 NVME Solid State Drive,4.3,309.99,https://www.amazon.com/dp/B07MLVK8K5?tag=pcpapi-20&linkCode=ogi&th=1&psc=1,https://cdna.pcpartpicker.com/static/forever/images/product/0e711f3edb98f9680cc528271201d8d2.256p.jpg,10,3x4,2 TB,N/A,N/A
TEAMGROUP T-Create Classic 2 TB M.2-2280 PCIe 3.0 X4 NVME Solid State Drive,4.3,111.9,https://www.amazon.com/dp/B08VVTP662?tag=pcpapi-20&linkCode=ogi&th=1&psc=1,https://cdna.pcpartpicker.com/static/forever/images/product/1be90564f542f5c92986ae57c3947d07.256p.jpg,10,3x4,2 TB,N/A,N/A
PNY XLR8 CS3030 2 TB M.2-2280 PCIe 3.0 X4 NVME Solid State Drive,5.0,289.9,https://www.amazon.com/dp/B07QM2HD7B?tag=pcpapi-20&linkCode=ogi&th=1&psc=1,https://cdna.pcpartpicker.com/static/forever/images/product/a8a23703b2021a75e31ca15ce00b9102.256p.jpg,10,3x4,2 TB,N/A,N/A
Seagate FireCuda 510 2 TB M.2-2280 PCIe 3.0 X4 NVME Solid State Drive,4.0,334.5,https://www.amazon.com/dp/B07QQ95CBZ?tag=pcpapi-20&linkCode=ogi&th=1&psc=1,https://cdna.pcpartpicker.com/static/forever/images/product/a7275ed45b4e597de779768125705413.256p.jpg,10,3x4,2 TB,N/A,N/A
ADATA XPG GAMMIX S11 Pro 2 TB M.2-2280 PCIe 3.0 X4 NVME Solid State Drive,5.0,239.6,https://www.amazon.com/dp/B07YLDWCYV?tag=pcpapi-20&linkCode=ogi&th=1&psc=1,https://images-eu.ssl-images-amazon.com/images/I/31Wj5Rc%2BJGL.jpg,10,3x4,2 TB,N/A,N/A
PNY XLR8 CS3140 w/Heatsink 2 TB M.2-2280 PCIe 4.0 X4 NVME Solid State Drive,5.0,624.05,https://www.amazon.com/dp/B08VRYWK7Q?tag=pcpapi-20&linkCode=ogi&th=1&psc=1,https://cdna.pcpartpicker.com/static/forever/images/product/ad677b5ac27e4e20d4b848ed35356a7c.256p.jpg,10,4x4,2 TB,N/A,N/A
Intel 760p 2 TB M.2-2280 PCIe 3.0 X4 NVME Solid State Drive,N/A,249.99,https://www.amazon.com/dp/B078QD7M6J?tag=pcpapi-20&linkCode=ogi&th=1&psc=1,https://cdna.pcpartpicker.com/static/forever/images/product/0b67e0dcfdf105e6e67f3a5a526effcc.256p.jpg,10,3x4,2 TB,N/A,N/A
Transcend 250H 2 TB M.2-2280 PCIe 4.0 X4 NVME Solid State Drive,N/A,212.1,https://www.amazon.com/dp/B0BPJZ2BBT?tag=pcpapi-20&linkCode=ogi&th=1&psc=1,https://m.media-amazon.com/images/I/41OL3y5doIL.jpg,10,4x4,2 TB,N/A,N/A
TEAMGROUP T-Force Cardea Z44L 2 TB M.2-2280 PCIe 4.0 X4 NVME Solid State Drive,N/A,N/A,N/A,https://cdna.pcpartpicker.com/static/forever/images/product/eecbdd8aac6a11b6518a94fd1117ae39.256p.jpg,10,4x4,2 TB,N/A,N/A
Western Digital PC SN740 Opal 2 TB M.2-2280 PCIe 4.0 X4 NVME Solid State Drive,N/A,N/A,N/A,https://upload.wikimedia.org/wikipedia/commons/thumb/a/ac/No_image_available.svg/256px-No_image_available.jpg,10,4x4,2 TB,N/A,N/A
Patriot VPR100 RGB 2 TB M.2-2280 PCIe 3.0 X4 NVME Solid State Drive,N/A,N/A,N/A,https://m.media-amazon.com/images/I/41Ioh8W+m6L.jpg,10,3x4,2 TB,N/A,N/A
Crucial P3 Plus 4 TB M.2-2280 PCIe 4.0 X4 NVME Solid State Drive,4.9,232.95,https://www.amazon.com/dp/B0B25M8FXX?tag=pcpapi-20&linkCode=ogi&th=1&psc=1,https://cdna.pcpartpicker.com/static/forever/images/product/2830bf3ba317c794ccde742efe4304be.256p.jpg,10,4x4,4 TB,1781,148
Corsair MP600 PRO XT 8 TB M.2-2280 PCIe 4.0 X4 NVME Solid State Drive,5.0,944.9,https://www.amazon.com/dp/B0BFDKPWPR?tag=pcpapi-20&linkCode=ogi&th=1&psc=1,https://cdna.pcpartpicker.com/static/forever/images/product/30feb0d406c2b123141dfd76bd25992e.256p.jpg,10,4x4,8 TB,N/A,N/A
Sabrent Rocket 4 Plus 4 TB M.2-2280 PCIe 4.0 X4 NVME Solid State Drive,4.5,499.9,https://www.amazon.com/dp/B08VF99PV8?tag=pcpapi-20&linkCode=ogi&th=1&psc=1,https://cdna.pcpartpicker.com/static/forever/images/product/86b6d83bc1f68a41d8b885e21492dddf.256p.jpg,10,4x4,4 TB,2975,4543
Corsair MP600 PRO XT 4 TB M.2-2280 PCIe 4.0 X4 NVME Solid State Drive,5.0,405.9,https://www.amazon.com/dp/B09F5XC93H?tag=pcpapi-20&linkCode=ogi&th=1&psc=1,https://cdna.pcpartpicker.com/static/forever/images/product/30feb0d406c2b123141dfd76bd25992e.256p.jpg,10,4x4,4 TB,N/A,N/A
Corsair MP600 PRO NH 4 TB M.2-2280 PCIe 4.0 X4 NVME Solid State Drive,5.0,399.9,https://www.amazon.com/dp/B0BJL1FRRC?tag=pcpapi-20&linkCode=ogi&th=1&psc=1,https://m.media-amazon.com/images/I/41VVrReoNJL.jpg,10,4x4,4 TB,N/A,N/A
Corsair MP600 PRO 4 TB M.2-2280 PCIe 4.0 X4 NVME Solid State Drive,N/A,374.9,https://www.amazon.com/dp/B0999JRTW9?tag=pcpapi-20&linkCode=ogi&th=1&psc=1,https://cdna.pcpartpicker.com/static/forever/images/product/30feb0d406c2b123141dfd76bd25992e.256p.jpg,10,4x4,4 TB,N/A,N/A
ADATA XPG GAMMIX S70 Blade 4 TB M.2-2280 PCIe 4.0 X4 NVME Solid State Drive,5.0,279.9,https://www.amazon.com/dp/B0B2FSKTHK?tag=pcpapi-20&linkCode=ogi&th=1&psc=1,https://cdna.pcpartpicker.com/static/forever/images/product/5a1578f5dbff7c6c5b2a6a29663d3293.256p.jpg,10,4x4,4 TB,N/A,N/A
ADATA XPG SPECTRIX S40G RGB 4 TB M.2-2280 PCIe 3.0 X4 NVME Solid State Drive,5.0,529.9,https://adorama.rfvk.net/c/79301/1175784/1036?prodsku=ADS40G4TTC&u=https%3A%2F%2Fwww.adorama.com%2Fads40g4ttc.html&intsrc=CATF_9102,https://cdna.pcpartpicker.com/static/forever/images/product/474abe769959b27b7cd7c61df950b02b.256p.jpg,10,3x4,4 TB,N/A,N/A
Inland Performance Plus 8 TB M.2-2280 PCIe 4.0 X4 NVME Solid State Drive,5.0,849.9,https://www.amazon.com/dp/B0BDZWLBS4?tag=pcpapi-20&linkCode=ogi&th=1&psc=1,https://m.media-amazon.com/images/I/41bnEk-c30L.jpg,10,4x4,8 TB,N/A,N/A
Inland 1TB TD510 NVME 1 TB M.2-2280 PCIe 5.0 X4 NVME Solid State Drive,N/A,149.9,https://www.amazon.com/dp/B0C43X321L?tag=pcpapi-20&linkCode=ogi&th=1&psc=1,https://m.media-amazon.com/images/I/410zqAx038L.jpg,10,5x4,1 TB,N/A,N/A
TEAMGROUP T-Force Cardea Z44Q 4 TB M.2-2280 PCIe 4.0 X4 NVME Solid State Drive,5.0,N/A,N/A,https://cdna.pcpartpicker.com/static/forever/images/product/9b86546d772413b7aeb7eb59b88606cf.256p.jpg,10,4x4,4 TB,N/A,N/A
Addlink S95 8 TB M.2-2280 PCIe 4.0 X4 NVME Solid State Drive,N/A,905.4,https://www.amazon.com/dp/B0BN9PZSP4?tag=pcpapi-20&linkCode=ogi&th=1&psc=1,https://m.media-amazon.com/images/I/41HNay0A90L.jpg,10,4x4,8 TB,N/A,N/A
Western Digital Red SN700 4 TB M.2-2280 PCIe 3.0 X4 NVME Solid State Drive,4.0,389.98,https://www.amazon.com/dp/B09H1M6ZRT?tag=pcpapi-20&linkCode=ogi&th=1&psc=1,null,10,3x4,4 TB,N/A,N/A
Corsair MP600 PRO LPX 4 TB M.2-2280 PCIe 4.0 X4 NVME Solid State Drive,5.0,309.9,https://www.amazon.com/dp/B09Q2N9QGQ?tag=pcpapi-20&linkCode=ogi&th=1&psc=1,https://cdna.pcpartpicker.com/static/forever/images/product/667a9649b7d52b5acdef269e5a6ebb91.256p.jpg,10,4x4,4 TB,3305,4802
Western Digital WD_BLACK SN850P for PS5 4 TB M.2-2280 PCIe 4.0 X4 NVME Solid State Drive,4.0,337.9,https://www.amazon.com/dp/B0C48HN4Z9?tag=pcpapi-20&linkCode=ogi&th=1&psc=1,https://m.media-amazon.com/images/I/31AvWWHMITL.jpg,10,4x4,4 TB,N/A,N/A
Lexar NM790 4 TB M.2-2280 PCIe 4.0 X4 NVME Solid State Drive,4.9,264.9,https://www.amazon.com/dp/B0C91RNCDV?tag=pcpapi-20&linkCode=ogi&th=1&psc=1,https://m.media-amazon.com/images/I/21bze1LQrQL.jpg,10,4x4,4 TB,N/A,N/A
TEAMGROUP MP44 4 TB M.2-2280 PCIe 4.0 X4 NVME Solid State Drive,5.0,232.9,https://www.amazon.com/dp/B0C4KQ9N79?tag=pcpapi-20&linkCode=ogi&th=1&psc=1,https://cdna.pcpartpicker.com/static/forever/images/product/b7e87809a48525a1340938718110fecc.256p.jpg,10,4x4,4 TB,N/A,N/A
Inland Platinum 8 TB M.2-2280 PCIe 3.0 X4 NVME Solid State Drive,N/A,900.0,https://www.amazon.com/dp/B093B7GQBQ?tag=pcpapi-20&linkCode=ogi&th=1&psc=1,https://m.media-amazon.com/images/I/41j6hXqWHIL.jpg,10,3x4,8 TB,N/A,N/A
Corsair MP600 PRO LPX 4 TB M.2-2280 PCIe 4.0 X4 NVME Solid State Drive,N/A,279.6,https://www.amazon.com/dp/B0BWYXHRKX?tag=pcpapi-20&linkCode=ogi&th=1&psc=1,https://cdna.pcpartpicker.com/static/forever/images/product/667a9649b7d52b5acdef269e5a6ebb91.256p.jpg,10,4x4,4 TB,N/A,N/A
ADATA XPG SX8100 4 TB M.2-2280 PCIe 3.0 X4 NVME Solid State Drive,5.0,459.99,https://www.amazon.com/dp/B08979DF1S?tag=pcpapi-20&linkCode=ogi&th=1&psc=1,https://m.media-amazon.com/images/I/41i2gbE+JXS.jpg,10,3x4,4 TB,N/A,N/A
Corsair MP510 4 TB M.2-2280 PCIe 3.0 X4 NVME Solid State Drive,N/A,314.9,https://go.corsair.com/c/79301/497986/8513?prodsku=CSSD-F4000GBMP510&u=https%3A%2F%2Fwww.corsair.com%2Fus%2Fen%2Fp%2Fdata-storage%2FCSSD-F4000GBMP510%2Fforce-series-mp510-4tb-m-2-ssd-cssd-f4000gbmp510&intsrc=CATF_3903,https://cdna.pcpartpicker.com/static/forever/images/product/353c537be61fe06edf2d2baebaded2f3.256p.jpg,10,3x4,4 TB,N/A,N/A
